Index,Entity,Code,Year,Prevalence_of_stunting_height_for_age_percent_of_children_under_5
0,Afghanistan,AFG,1997,53.20000076293945
1,Afghanistan,AFG,2004,59.29999923706055
2,Afghanistan,AFG,2013,40.400001525878906
3,Afghanistan,AFG,2018,38.20000076293945
4,Albania,ALB,1997,20.399999618530273
5,Albania,ALB,2000,39.20000076293945
6,Albania,ALB,2005,26.700000762939453
7,Albania,ALB,2009,23.200000762939453
8,Albania,ALB,2017,11.300000190734863
9,Algeria,DZA,1987,16.899999618530273
10,Algeria,DZA,1992,22.899999618530273
11,Algeria,DZA,1995,22.5
12,Algeria,DZA,2000,23.600000381469727
13,Algeria,DZA,2002,24
14,Algeria,DZA,2006,15.399999618530273
15,Algeria,DZA,2012,11.699999809265137
16,Algeria,DZA,2019,9.800000190734863
17,Angola,AGO,1996,61.099998474121094
18,Angola,AGO,2007,29.200000762939453
19,Angola,AGO,2015,37.599998474121094
20,Argentina,ARG,1994,7.099999904632568
21,Argentina,ARG,1996,16.899999618530273
22,Argentina,ARG,2005,8.199999809265137
23,Argentina,ARG,2019,7.900000095367432
24,Armenia,ARM,1998,15.100000381469727
25,Armenia,ARM,2000,17.299999237060547
26,Armenia,ARM,2005,17.899999618530273
27,Armenia,ARM,2010,20.899999618530273
28,Armenia,ARM,2016,9.399999618530273
29,Australia,AUS,1995,0
30,Australia,AUS,2007,2
31,Azerbaijan,AZE,1996,28
32,Azerbaijan,AZE,2000,24.200000762939453
33,Azerbaijan,AZE,2001,18
34,Azerbaijan,AZE,2006,26.5
35,Azerbaijan,AZE,2011,16.399999618530273
36,Azerbaijan,AZE,2013,17.799999237060547
37,Bahrain,BHR,1989,13.899999618530273
38,Bahrain,BHR,1995,13.600000381469727
39,Bangladesh,BGD,1986,70.90000153
40,Bangladesh,BGD,1990,63.400001525878906
41,Bangladesh,BGD,1991,73.59999847
42,Bangladesh,BGD,1992,71.5
43,Bangladesh,BGD,1993,69.19999694824219
44,Bangladesh,BGD,1994,67.30000305175781
45,Bangladesh,BGD,1995,65.80000305175781
46,Bangladesh,BGD,1996,63.79999923706055
47,Bangladesh,BGD,1997,59.599998474121094
48,Bangladesh,BGD,1998,59.29999923706055
49,Bangladesh,BGD,1999,59.900001525878906
50,Bangladesh,BGD,2000,51.099998474121094
51,Bangladesh,BGD,2001,53.20000076293945
52,Bangladesh,BGD,2002,51.400001525878906
53,Bangladesh,BGD,2003,47.79999923706055
54,Bangladesh,BGD,2004,50.5
55,Bangladesh,BGD,2005,45.900001525878906
56,Bangladesh,BGD,2006,45.099998474121094
57,Bangladesh,BGD,2007,43.20000076293945
58,Bangladesh,BGD,2011,41.29999923706055
59,Bangladesh,BGD,2013,38.70000076293945
60,Bangladesh,BGD,2014,36.20000076293945
61,Bangladesh,BGD,2018,30.899999618530273
62,Bangladesh,BGD,2019,28
63,Barbados,BRB,2012,7.699999809265137
64,Belarus,BLR,2005,4.5
65,Belgium,BEL,2014,1.600000023841858
66,Belize,BLZ,2006,22
67,Belize,BLZ,2011,19.299999237060547
68,Belize,BLZ,2015,15
69,Benin,BEN,1996,39.099998474121094
70,Benin,BEN,2001,36.20000076293945
71,Benin,BEN,2008,37.400001525878906
72,Benin,BEN,2014,34
73,Benin,BEN,2018,32.20000076293945
74,Bhutan,BTN,1987,60.900001525878906
75,Bhutan,BTN,1999,47.70000076293945
76,Bhutan,BTN,2008,34.900001525878906
77,Bhutan,BTN,2010,33.5
78,Bolivia,BOL,1989,44
79,Bolivia,BOL,1994,37.099998474121094
80,Bolivia,BOL,1998,33.20000076293945
81,Bolivia,BOL,2003,32.400001525878906
82,Bolivia,BOL,2008,27.100000381469727
83,Bolivia,BOL,2012,18.200000762939453
84,Bolivia,BOL,2016,16.100000381469727
85,Bosnia and Herzegovina,BIH,2000,12.100000381469727
86,Bosnia and Herzegovina,BIH,2006,11.800000190734863
87,Bosnia and Herzegovina,BIH,2012,8.899999618530273
88,Botswana,BWA,1996,35.099998474121094
89,Botswana,BWA,2000,29.100000381469727
90,Botswana,BWA,2007,28.899999618530273
91,Brazil,BRA,1989,19.799999237060547
92,Brazil,BRA,1996,13
93,Brazil,BRA,2007,7
94,Brunei,BRN,2009,19.700000762939453
95,Bulgaria,BGR,2004,8.800000190734863
96,Bulgaria,BGR,2007,9.199999809265137
97,Bulgaria,BGR,2014,7
98,Burkina Faso,BFA,1993,38.70000076293945
99,Burkina Faso,BFA,1999,41.400001525878906
100,Burkina Faso,BFA,2009,35.099998474121094
101,Burkina Faso,BFA,2010,34.70000076293945
102,Burkina Faso,BFA,2011,34.599998474121094
103,Burkina Faso,BFA,2012,32.79999923706055
104,Burkina Faso,BFA,2013,31.299999237060547
105,Burkina Faso,BFA,2014,29
106,Burkina Faso,BFA,2015,30.100000381469727
107,Burkina Faso,BFA,2016,26.799999237060547
108,Burkina Faso,BFA,2017,21.100000381469727
109,Burkina Faso,BFA,2018,24.899999618530273
110,Burkina Faso,BFA,2019,23.799999237060547
111,Burundi,BDI,1987,56.20000076293945
112,Burundi,BDI,2000,64
113,Burundi,BDI,2005,57.70000076293945
114,Burundi,BDI,2010,57.599998474121094
115,Burundi,BDI,2016,55.900001525878906
116,Burundi,BDI,2018,56.599998474121094
117,Burundi,BDI,2019,54
118,Cambodia,KHM,1996,58.599998474121094
119,Cambodia,KHM,2000,49
120,Cambodia,KHM,2005,42.79999923706055
121,Cambodia,KHM,2008,39.5
122,Cambodia,KHM,2010,39.79999923706055
123,Cambodia,KHM,2014,32.400001525878906
124,Cameroon,CMR,1991,31.600000381469727
125,Cameroon,CMR,1998,38.20000076293945
126,Cameroon,CMR,2004,35.599998474121094
127,Cameroon,CMR,2006,37.599998474121094
128,Cameroon,CMR,2011,32.599998474121094
129,Cameroon,CMR,2014,31.700000762939453
130,Cameroon,CMR,2018,28.899999618530273
131,Cape Verde,CPV,1985,26.799999237060547
132,Cape Verde,CPV,1994,21.399999618530273
133,Central African Republic,CAF,1994,41.5
134,Central African Republic,CAF,2000,44.400001525878906
135,Central African Republic,CAF,2006,43.599998474121094
136,Central African Republic,CAF,2010,40.70000076293945
137,Central African Republic,CAF,2012,39.70000076293945
138,Central African Republic,CAF,2014,38
139,Central African Republic,CAF,2018,37.5
140,Central African Republic,CAF,2019,40.20000076293945
141,Chad,TCD,1997,44.5
142,Chad,TCD,2000,38.900001525878906
143,Chad,TCD,2004,44.400001525878906
144,Chad,TCD,2010,38.70000076293945
145,Chad,TCD,2015,39.79999923706055
146,Chad,TCD,2017,32.099998474121094
147,Chad,TCD,2018,31.899999618530273
148,Chad,TCD,2019,37.79999923706055
149,Chile,CHL,1986,13.5
150,Chile,CHL,1994,4.199999809265137
151,Chile,CHL,1995,3.9000000953674316
152,Chile,CHL,1996,3.700000047683716
153,Chile,CHL,1998,3.299999952316284
154,Chile,CHL,1999,3.0999999046325684
155,Chile,CHL,2001,2.799999952316284
156,Chile,CHL,2002,2.5
157,Chile,CHL,2003,2.5
158,Chile,CHL,2004,2.4000000953674316
159,Chile,CHL,2006,2.200000047683716
160,Chile,CHL,2007,2.0999999046325684
161,Chile,CHL,2008,2
162,Chile,CHL,2013,1.7999999523162842
163,Chile,CHL,2014,1.7999999523162842
164,China,CHN,1987,38.29999923706055
165,China,CHN,1990,32.29999923706055
166,China,CHN,1992,38
167,China,CHN,1995,31.200000762939453
168,China,CHN,1998,19.799999237060547
169,China,CHN,2000,17.799999237060547
170,China,CHN,2002,21.799999237060547
171,China,CHN,2005,11.699999809265137
172,China,CHN,2008,9.800000190734863
173,China,CHN,2009,9
174,China,CHN,2010,9.399999618530273
175,China,CHN,2013,8.100000381469727
176,China,CHN,2017,4.800000190734863
177,Colombia,COL,1986,26.600000381469727
178,Colombia,COL,1989,21.799999237060547
179,Colombia,COL,1995,19.600000381469727
180,Colombia,COL,2000,18.200000762939453
181,Colombia,COL,2005,16
182,Colombia,COL,2010,12.600000381469727
183,Colombia,COL,2016,12.699999809265137
184,Comoros,COM,1992,38.5
185,Comoros,COM,1996,40
186,Comoros,COM,2000,46.900001525878906
187,Comoros,COM,2012,31.100000381469727
188,Congo,COG,1987,30.100000381469727
189,Congo,COG,2005,31.200000762939453
190,Congo,COG,2011,24.399999618530273
191,Congo,COG,2014,21.200000762939453
192,Costa Rica,CRI,1996,8.199999809265137
193,Costa Rica,CRI,2008,5.599999904632568
194,Costa Rica,CRI,2018,9
195,Cote d'Ivoire,CIV,1986,19.600000381469727
196,Cote d'Ivoire,CIV,1994,34.20000076293945
197,Cote d'Ivoire,CIV,1998,31.200000762939453
198,Cote d'Ivoire,CIV,2007,39
199,Cote d'Ivoire,CIV,2012,29.899999618530273
200,Cote d'Ivoire,CIV,2016,21.600000381469727
201,Cuba,CUB,2000,7
202,Cuba,CUB,2019,7.099999904632568
203,Czechia,CZE,1991,3.0999999046325684
204,Czechia,CZE,2001,2.700000047683716
205,Democratic Republic of Congo,COD,1995,51
206,Democratic Republic of Congo,COD,2001,44.400001525878906
207,Democratic Republic of Congo,COD,2007,45.79999923706055
208,Democratic Republic of Congo,COD,2010,43.400001525878906
209,Democratic Republic of Congo,COD,2013,42.70000076293945
210,Democratic Republic of Congo,COD,2017,41.79999923706055
211,Djibouti,DJI,1989,28
212,Djibouti,DJI,1996,31.700000762939453
213,Djibouti,DJI,2002,27.100000381469727
214,Djibouti,DJI,2012,33.5
215,Dominican Republic,DOM,1986,20.399999618530273
216,Dominican Republic,DOM,1991,21.100000381469727
217,Dominican Republic,DOM,1996,13.5
218,Dominican Republic,DOM,2000,7.699999809265137
219,Dominican Republic,DOM,2002,11.600000381469727
220,Dominican Republic,DOM,2006,8.399999618530273
221,Dominican Republic,DOM,2007,10.100000381469727
222,Dominican Republic,DOM,2013,7.099999904632568
223,Ecuador,ECU,1986,40.20000076293945
224,Ecuador,ECU,1999,27.899999618530273
225,Ecuador,ECU,2004,29.200000762939453
226,Ecuador,ECU,2006,25.899999618530273
227,Ecuador,ECU,2012,25.399999618530273
228,Ecuador,ECU,2014,23.899999618530273
229,Ecuador,ECU,2019,23
230,Egypt,EGY,1988,34
231,Egypt,EGY,1991,34.900001525878906
232,Egypt,EGY,1992,31.100000381469727
233,Egypt,EGY,1995,34.79999923706055
234,Egypt,EGY,1998,26.299999237060547
235,Egypt,EGY,2000,24.399999618530273
236,Egypt,EGY,2003,20.200000762939453
237,Egypt,EGY,2005,23.899999618530273
238,Egypt,EGY,2008,30.700000762939453
239,Egypt,EGY,2014,22.299999237060547
240,El Salvador,SLV,1988,36.70000076293945
241,El Salvador,SLV,1993,31.600000381469727
242,El Salvador,SLV,1998,32.29999923706055
243,El Salvador,SLV,2003,24.600000381469727
244,El Salvador,SLV,2008,20.799999237060547
245,El Salvador,SLV,2014,13.600000381469727
246,Equatorial Guinea,GNQ,1997,38.70000076293945
247,Equatorial Guinea,GNQ,2000,42.70000076293945
248,Equatorial Guinea,GNQ,2004,35
249,Equatorial Guinea,GNQ,2011,26.200000762939453
250,Eritrea,ERI,1993,69.59999847
251,Eritrea,ERI,1995,47.79999923706055
252,Eritrea,ERI,2002,43
253,Eritrea,ERI,2010,52.5
254,Estonia,EST,2014,1.2000000476837158
255,Eswatini,SWZ,2000,36.5
256,Eswatini,SWZ,2006,29.200000762939453
257,Eswatini,SWZ,2008,40.400001525878906
258,Eswatini,SWZ,2010,30.899999618530273
259,Eswatini,SWZ,2014,25.5
260,Ethiopia,ETH,1992,66.90000153
261,Ethiopia,ETH,2000,57.400001525878906
262,Ethiopia,ETH,2005,50
263,Ethiopia,ETH,2011,44.400001525878906
264,Ethiopia,ETH,2014,40.400001525878906
265,Ethiopia,ETH,2016,38.29999923706055
266,Ethiopia,ETH,2019,36.79999923706055
267,Fiji,FJI,1993,4.300000190734863
268,Fiji,FJI,2004,7.5
269,Gabon,GAB,2000,25.899999618530273
270,Gabon,GAB,2012,17
271,Gambia,GMB,1996,36.099998474121094
272,Gambia,GMB,2000,24.100000381469727
273,Gambia,GMB,2006,27.700000762939453
274,Gambia,GMB,2010,23.399999618530273
275,Gambia,GMB,2012,21.100000381469727
276,Gambia,GMB,2013,24.600000381469727
277,Gambia,GMB,2018,13.600000381469727
278,Gambia,GMB,2020,17.5
279,Georgia,GEO,1999,16.100000381469727
280,Georgia,GEO,2005,14.600000381469727
281,Georgia,GEO,2009,11.800000190734863
282,Georgia,GEO,2018,5.800000190734863
283,Germany,DEU,2004,1.2999999523162842
284,Germany,DEU,2016,1.7000000476837158
285,Ghana,GHA,1988,42.599998474121094
286,Ghana,GHA,1993,41.20000076293945
287,Ghana,GHA,1997,34.70000076293945
288,Ghana,GHA,1998,30.600000381469727
289,Ghana,GHA,2003,35.5
290,Ghana,GHA,2006,27.899999618530273
291,Ghana,GHA,2008,28.399999618530273
292,Ghana,GHA,2011,22.799999237060547
293,Ghana,GHA,2014,18.799999237060547
294,Ghana,GHA,2017,17.5
295,Greece,GRC,2003,1.5
296,Guatemala,GTM,1987,66.19999694824219
297,Guatemala,GTM,1995,55.400001525878906
298,Guatemala,GTM,1999,53.099998474121094
299,Guatemala,GTM,2000,51
300,Guatemala,GTM,2002,54.79999923706055
301,Guatemala,GTM,2009,51.5
302,Guatemala,GTM,2015,46.70000076293945
303,Guinea,GIN,1994,35.29999923706055
304,Guinea,GIN,1999,31.100000381469727
305,Guinea,GIN,2005,39.29999923706055
306,Guinea,GIN,2007,34
307,Guinea,GIN,2012,31.100000381469727
308,Guinea,GIN,2016,32.400001525878906
309,Guinea,GIN,2018,30.299999237060547
310,Guinea-Bissau,GNB,2000,33.79999923706055
311,Guinea-Bissau,GNB,2010,32
312,Guinea-Bissau,GNB,2012,26.399999618530273
313,Guinea-Bissau,GNB,2014,27.600000381469727
314,Guinea-Bissau,GNB,2019,28.100000381469727
315,Guyana,GUY,1993,14.699999809265137
316,Guyana,GUY,1997,14
317,Guyana,GUY,2000,13.899999618530273
318,Guyana,GUY,2006,17.899999618530273
319,Guyana,GUY,2009,19.299999237060547
320,Guyana,GUY,2014,11.300000190734863
321,Haiti,HTI,1990,40.099998474121094
322,Haiti,HTI,1994,37.099998474121094
323,Haiti,HTI,2000,28.799999237060547
324,Haiti,HTI,2006,29.600000381469727
325,Haiti,HTI,2012,22
326,Haiti,HTI,2017,21.899999618530273
327,Honduras,HND,1987,43.29999923706055
328,Honduras,HND,1991,42.70000076293945
329,Honduras,HND,1994,45.70000076293945
330,Honduras,HND,1996,38.599998474121094
331,Honduras,HND,2001,35.5
332,Honduras,HND,2006,29.799999237060547
333,Honduras,HND,2012,22.600000381469727
334,India,IND,1989,62.70000076293945
335,India,IND,1991,61.900001525878906
336,India,IND,1992,57.70000076293945
337,India,IND,1997,45.900001525878906
338,India,IND,1999,54.20000076293945
339,India,IND,2006,47.79999923706055
340,India,IND,2014,38.70000076293945
341,India,IND,2015,37.900001525878906
342,India,IND,2017,34.70000076293945
343,Indonesia,IDN,1996,48.099998474121094
344,Indonesia,IDN,2000,42.400001525878906
345,Indonesia,IDN,2001,41.599998474121094
346,Indonesia,IDN,2004,28.600000381469727
347,Indonesia,IDN,2007,40.099998474121094
348,Indonesia,IDN,2010,39.20000076293945
349,Indonesia,IDN,2013,36.400001525878906
350,Indonesia,IDN,2018,30.799999237060547
351,Iran,IRN,1995,24.399999618530273
352,Iran,IRN,1998,20.399999618530273
353,Iran,IRN,2004,7.099999904632568
354,Iran,IRN,2010,6.800000190734863
355,Iraq,IRQ,1991,27.600000381469727
356,Iraq,IRQ,2000,28.100000381469727
357,Iraq,IRQ,2003,33.70000076293945
358,Iraq,IRQ,2004,20
359,Iraq,IRQ,2006,27.5
360,Iraq,IRQ,2011,22.100000381469727
361,Iraq,IRQ,2018,12.600000381469727
362,Jamaica,JAM,1989,12
363,Jamaica,JAM,1991,11.800000190734863
364,Jamaica,JAM,1992,14.399999618530273
365,Jamaica,JAM,1994,12.100000381469727
366,Jamaica,JAM,1995,9.699999809265137
367,Jamaica,JAM,1996,11.199999809265137
368,Jamaica,JAM,1997,8.699999809265137
369,Jamaica,JAM,1998,9.5
370,Jamaica,JAM,1999,5.699999809265137
371,Jamaica,JAM,2000,7.199999809265137
372,Jamaica,JAM,2001,6.599999904632568
373,Jamaica,JAM,2002,8.199999809265137
374,Jamaica,JAM,2004,4.900000095367432
375,Jamaica,JAM,2006,7.5
376,Jamaica,JAM,2007,5.400000095367432
377,Jamaica,JAM,2008,6.900000095367432
378,Jamaica,JAM,2010,6
379,Jamaica,JAM,2012,6.800000190734863
380,Jamaica,JAM,2014,6
381,Jamaica,JAM,2016,9.300000190734863
382,Japan,JPN,2010,7.099999904632568
383,Jordan,JOR,1990,20
384,Jordan,JOR,1997,11.100000381469727
385,Jordan,JOR,2002,11.699999809265137
386,Jordan,JOR,2009,8.199999809265137
387,Jordan,JOR,2012,7.800000190734863
388,Kazakhstan,KAZ,1995,23.299999237060547
389,Kazakhstan,KAZ,1999,13.199999809265137
390,Kazakhstan,KAZ,2006,17.5
391,Kazakhstan,KAZ,2010,13.100000381469727
392,Kazakhstan,KAZ,2015,8
393,Kenya,KEN,1987,37
394,Kenya,KEN,1993,40.20000076293945
395,Kenya,KEN,1994,41.099998474121094
396,Kenya,KEN,1998,37.400001525878906
397,Kenya,KEN,2000,40.79999923706055
398,Kenya,KEN,2003,35.79999923706055
399,Kenya,KEN,2005,40.29999923706055
400,Kenya,KEN,2008,35.5
401,Kenya,KEN,2011,26.299999237060547
402,Kenya,KEN,2014,26.200000762939453
403,Kiribati,KIR,1985,34.400001525878906
404,Kiribati,KIR,2018,15.199999809265137
405,Kuwait,KWT,1996,5
406,Kuwait,KWT,2001,4
407,Kuwait,KWT,2002,3.5999999046325684
408,Kuwait,KWT,2003,3.9000000953674316
409,Kuwait,KWT,2004,4.099999904632568
410,Kuwait,KWT,2005,4.5
411,Kuwait,KWT,2006,4.599999904632568
412,Kuwait,KWT,2007,5.099999904632568
413,Kuwait,KWT,2008,5.099999904632568
414,Kuwait,KWT,2009,3.799999952316284
415,Kuwait,KWT,2010,4.099999904632568
416,Kuwait,KWT,2011,4
417,Kuwait,KWT,2012,4.300000190734863
418,Kuwait,KWT,2013,4.800000190734863
419,Kuwait,KWT,2014,5.800000190734863
420,Kuwait,KWT,2015,4.900000095367432
421,Kuwait,KWT,2016,5.900000095367432
422,Kuwait,KWT,2017,6.400000095367432
423,Kyrgyzstan,KGZ,1997,36.20000076293945
424,Kyrgyzstan,KGZ,2006,18.100000381469727
425,Kyrgyzstan,KGZ,2009,22.600000381469727
426,Kyrgyzstan,KGZ,2012,17.899999618530273
427,Kyrgyzstan,KGZ,2014,12.899999618530273
428,Kyrgyzstan,KGZ,2018,11.800000190734863
429,Laos,LAO,1993,53.599998474121094
430,Laos,LAO,1994,52.900001525878906
431,Laos,LAO,2000,47.5
432,Laos,LAO,2006,47.70000076293945
433,Laos,LAO,2011,44.20000076293945
434,Laos,LAO,2015,35.5
435,Laos,LAO,2017,33.099998474121094
436,Lebanon,LBN,1996,17.200000762939453
437,Lebanon,LBN,2004,16.5
438,Lesotho,LSO,1992,39.20000076293945
439,Lesotho,LSO,1993,37.5
440,Lesotho,LSO,2004,44.70000076293945
441,Lesotho,LSO,2009,39.29999923706055
442,Lesotho,LSO,2014,33.400001525878906
443,Lesotho,LSO,2018,34.599998474121094
444,Liberia,LBR,2000,45.29999923706055
445,Liberia,LBR,2007,39.599998474121094
446,Liberia,LBR,2010,39
447,Liberia,LBR,2013,32.099998474121094
448,Liberia,LBR,2016,30.100000381469727
449,Liberia,LBR,2019,29.799999237060547
450,Libya,LBY,1995,21.100000381469727
451,Libya,LBY,2007,21
452,Libya,LBY,2014,38.099998474121094
453,Madagascar,MDG,1992,60.5
454,Madagascar,MDG,1993,54.099998474121094
455,Madagascar,MDG,1995,55.20000076293945
456,Madagascar,MDG,1997,58.20000076293945
457,Madagascar,MDG,2004,52.70000076293945
458,Madagascar,MDG,2009,49.400001525878906
459,Madagascar,MDG,2012,48.900001525878906
460,Madagascar,MDG,2018,41.599998474121094
461,Malawi,MWI,1992,55.400001525878906
462,Malawi,MWI,1995,53.79999923706055
463,Malawi,MWI,1998,62.29999923706055
464,Malawi,MWI,2000,54.70000076293945
465,Malawi,MWI,2002,58.29999923706055
466,Malawi,MWI,2004,52.5
467,Malawi,MWI,2006,53.099998474121094
468,Malawi,MWI,2009,48.79999923706055
469,Malawi,MWI,2010,47.29999923706055
470,Malawi,MWI,2014,42.400001525878906
471,Malawi,MWI,2015,37.400001525878906
472,Malawi,MWI,2016,38.29999923706055
473,Malawi,MWI,2017,39.29999923706055
474,Malawi,MWI,2018,39
475,Malawi,MWI,2019,40.900001525878906
476,Malaysia,MYS,1999,20.700000762939453
477,Malaysia,MYS,2006,17.5
478,Malaysia,MYS,2015,17.700000762939453
479,Malaysia,MYS,2016,20.700000762939453
480,Malaysia,MYS,2019,21.799999237060547
481,Maldives,MDV,1994,36.099998474121094
482,Maldives,MDV,1995,33
483,Maldives,MDV,1997,43
484,Maldives,MDV,2001,31.899999618530273
485,Maldives,MDV,2009,19
486,Maldives,MDV,2017,15.300000190734863
487,Mali,MLI,1987,35.79999923706055
488,Mali,MLI,1996,39.900001525878906
489,Mali,MLI,2001,42.5
490,Mali,MLI,2006,37.599998474121094
491,Mali,MLI,2010,27.799999237060547
492,Mali,MLI,2011,27.899999618530273
493,Mali,MLI,2014,28.100000381469727
494,Mali,MLI,2015,30.399999618530273
495,Mali,MLI,2016,26.399999618530273
496,Mali,MLI,2017,24.600000381469727
497,Mali,MLI,2018,26.899999618530273
498,Mali,MLI,2019,26.399999618530273
499,Marshall Islands,MHL,2017,34.79999923706055
500,Mauritania,MRT,1988,40.20000076293945
501,Mauritania,MRT,1996,49.79999923706055
502,Mauritania,MRT,2000,38.599998474121094
503,Mauritania,MRT,2007,31.5
504,Mauritania,MRT,2008,23.600000381469727
505,Mauritania,MRT,2011,29.700000762939453
506,Mauritania,MRT,2012,23.200000762939453
507,Mauritania,MRT,2015,27.899999618530273
508,Mauritania,MRT,2018,22.799999237060547
509,Mauritius,MUS,1985,27.299999237060547
510,Mauritius,MUS,1995,13.600000381469727
511,Mexico,MEX,1988,26.899999618530273
512,Mexico,MEX,1989,26
513,Mexico,MEX,1996,25.799999237060547
514,Mexico,MEX,1998,21.399999618530273
515,Mexico,MEX,2006,15.5
516,Mexico,MEX,2012,13.600000381469727
517,Mexico,MEX,2015,12.399999618530273
518,Mexico,MEX,2016,10
519,Mexico,MEX,2019,14.100000381469727
520,Moldova,MDA,2005,10.699999809265137
521,Moldova,MDA,2012,6.400000095367432
522,Mongolia,MNG,1992,33.099998474121094
523,Mongolia,MNG,1999,30.100000381469727
524,Mongolia,MNG,2000,29.799999237060547
525,Mongolia,MNG,2004,23.5
526,Mongolia,MNG,2005,27.5
527,Mongolia,MNG,2010,15.300000190734863
528,Mongolia,MNG,2013,10.800000190734863
529,Mongolia,MNG,2016,7.300000190734863
530,Mongolia,MNG,2018,9.399999618530273
531,Montenegro,MNE,2005,7.900000095367432
532,Montenegro,MNE,2013,9.399999618530273
533,Montenegro,MNE,2018,7.199999809265137
534,Morocco,MAR,1987,31
535,Morocco,MAR,1992,30.100000381469727
536,Morocco,MAR,1997,28.899999618530273
537,Morocco,MAR,2003,23.100000381469727
538,Morocco,MAR,2011,14.899999618530273
539,Morocco,MAR,2017,15.100000381469727
540,Mozambique,MOZ,1995,59.900001525878906
541,Mozambique,MOZ,1997,48.70000076293945
542,Mozambique,MOZ,2001,50.70000076293945
543,Mozambique,MOZ,2003,46.900001525878906
544,Mozambique,MOZ,2008,43.5
545,Mozambique,MOZ,2011,42.900001525878906
546,Mozambique,MOZ,2015,42.29999923706055
547,Myanmar,MMR,1991,53.599998474121094
548,Myanmar,MMR,1994,58.70000076293945
549,Myanmar,MMR,1997,55.400001525878906
550,Myanmar,MMR,2000,40.79999923706055
551,Myanmar,MMR,2003,42.70000076293945
552,Myanmar,MMR,2009,35.099998474121094
553,Myanmar,MMR,2016,29.399999618530273
554,Myanmar,MMR,2018,26.700000762939453
555,Namibia,NAM,1992,35.599998474121094
556,Namibia,NAM,2000,29.299999237060547
557,Namibia,NAM,2007,29.200000762939453
558,Namibia,NAM,2013,22.700000762939453
559,Nauru,NRU,2007,24
560,Nepal,NPL,1995,68.19999694824219
561,Nepal,NPL,1996,65.69999694824219
562,Nepal,NPL,1998,61.099998474121094
563,Nepal,NPL,2001,56.099998474121094
564,Nepal,NPL,2006,49.099998474121094
565,Nepal,NPL,2011,40.099998474121094
566,Nepal,NPL,2014,37.099998474121094
567,Nepal,NPL,2016,36.099998474121094
568,Nepal,NPL,2019,31.5
569,Netherlands,NLD,1996,1.2999999523162842
570,Netherlands,NLD,2009,1.5
571,Nicaragua,NIC,1993,29.600000381469727
572,Nicaragua,NIC,1998,30.5
573,Nicaragua,NIC,2001,25.100000381469727
574,Nicaragua,NIC,2004,18.799999237060547
575,Nicaragua,NIC,2007,23.100000381469727
576,Nicaragua,NIC,2012,17.299999237060547
577,Niger,NER,1985,43.79999923706055
578,Niger,NER,1992,45.29999923706055
579,Niger,NER,1998,50.70000076293945
580,Niger,NER,2000,53.5
581,Niger,NER,2006,51
582,Niger,NER,2007,49.20000076293945
583,Niger,NER,2008,43.79999923706055
584,Niger,NER,2009,45.5
585,Niger,NER,2010,47.400001525878906
586,Niger,NER,2011,50.900001525878906
587,Niger,NER,2012,39.900001525878906
588,Niger,NER,2013,42.5
589,Niger,NER,2014,42.20000076293945
590,Niger,NER,2015,46.400001525878906
591,Niger,NER,2016,41.29999923706055
592,Niger,NER,2018,48.5
593,Niger,NER,2019,47.099998474121094
594,Nigeria,NGA,1990,48.70000076293945
595,Nigeria,NGA,1993,43.79999923706055
596,Nigeria,NGA,2003,42.5
597,Nigeria,NGA,2011,35.79999923706055
598,Nigeria,NGA,2014,33.599998474121094
599,Nigeria,NGA,2015,33
600,Nigeria,NGA,2016,43.599998474121094
601,Nigeria,NGA,2018,36.79999923706055
602,Nigeria,NGA,2020,31.5
603,North Korea,PRK,1998,63.900001525878906
604,North Korea,PRK,2000,51
605,North Korea,PRK,2002,44.70000076293945
606,North Korea,PRK,2004,43.099998474121094
607,North Korea,PRK,2009,32.400001525878906
608,North Korea,PRK,2012,27.899999618530273
609,North Korea,PRK,2017,19.100000381469727
610,North Macedonia,MKD,1999,8
611,North Macedonia,MKD,2005,11.300000190734863
612,North Macedonia,MKD,2011,4.900000095367432
613,North Macedonia,MKD,2019,4.300000190734863
614,Oman,OMN,1991,24.200000762939453
615,Oman,OMN,1994,21.100000381469727
616,Oman,OMN,1999,15.800000190734863
617,Oman,OMN,2009,9.800000190734863
618,Oman,OMN,2014,14.100000381469727
619,Oman,OMN,2017,11.399999618530273
620,Pakistan,PAK,1986,62.5
621,Pakistan,PAK,1991,53.900001525878906
622,Pakistan,PAK,1992,42.70000076293945
623,Pakistan,PAK,2001,41.400001525878906
624,Pakistan,PAK,2011,43.599998474121094
625,Pakistan,PAK,2013,45
626,Pakistan,PAK,2018,37.599998474121094
627,Palestine,PSE,1996,7.800000190734863
628,Palestine,PSE,2000,10.699999809265137
629,Palestine,PSE,2004,10.5
630,Palestine,PSE,2006,13.600000381469727
631,Palestine,PSE,2010,10.899999618530273
632,Palestine,PSE,2014,7.400000095367432
633,Palestine,PSE,2020,8.699999809265137
634,Panama,PAN,1997,16.799999237060547
635,Panama,PAN,2003,23.700000762939453
636,Panama,PAN,2008,19
637,Panama,PAN,2019,15.800000190734863
638,Papua New Guinea,PNG,1983,46
639,Papua New Guinea,PNG,2005,43.900001525878906
640,Papua New Guinea,PNG,2010,49.5
641,Paraguay,PRY,1990,18.299999237060547
642,Paraguay,PRY,2005,17.5
643,Paraguay,PRY,2012,10.699999809265137
644,Paraguay,PRY,2016,5.599999904632568
645,Peru,PER,1991,37.29999923706055
646,Peru,PER,1996,31.600000381469727
647,Peru,PER,2000,31.299999237060547
648,Peru,PER,2005,29.200000762939453
649,Peru,PER,2007,28
650,Peru,PER,2009,23.899999618530273
651,Peru,PER,2010,23.299999237060547
652,Peru,PER,2011,19.5
653,Peru,PER,2012,18.399999618530273
654,Peru,PER,2013,17.600000381469727
655,Peru,PER,2014,14.800000190734863
656,Peru,PER,2015,14.699999809265137
657,Peru,PER,2016,13.100000381469727
658,Peru,PER,2017,12.800000190734863
659,Peru,PER,2018,12.199999809265137
660,Peru,PER,2019,12.199999809265137
661,Philippines,PHL,1987,44.70000076293945
662,Philippines,PHL,1990,43.29999923706055
663,Philippines,PHL,1992,40.900001525878906
664,Philippines,PHL,1993,38.900001525878906
665,Philippines,PHL,1998,38.29999923706055
666,Philippines,PHL,2003,33.79999923706055
667,Philippines,PHL,2008,32
668,Philippines,PHL,2011,33.400001525878906
669,Philippines,PHL,2013,30
670,Philippines,PHL,2015,33.099998474121094
671,Philippines,PHL,2018,30.299999237060547
672,Poland,POL,2009,2.9000000953674316
673,Poland,POL,2011,0.800000012
674,Poland,POL,2014,2.5999999046325684
675,Portugal,PRT,2016,3.200000047683716
676,Qatar,QAT,1995,11.600000381469727
677,Romania,ROU,1991,11.199999809265137
678,Romania,ROU,1999,15.300000190734863
679,Romania,ROU,2000,12.800000190734863
680,Romania,ROU,2001,14
681,Romania,ROU,2002,12.800000190734863
682,Rwanda,RWA,1992,56.79999923706055
683,Rwanda,RWA,1996,45.400001525878906
684,Rwanda,RWA,2000,47.900001525878906
685,Rwanda,RWA,2005,51.400001525878906
686,Rwanda,RWA,2009,46.599998474121094
687,Rwanda,RWA,2010,44.29999923706055
688,Rwanda,RWA,2012,43.79999923706055
689,Rwanda,RWA,2015,36.900001525878906
690,Rwanda,RWA,2018,34.79999923706055
691,Rwanda,RWA,2020,33.099998474121094
692,Saint Lucia,LCA,2012,2.5
693,Samoa,WSM,1999,6.400000095367432
694,Samoa,WSM,2014,4.900000095367432
695,Samoa,WSM,2019,7.300000190734863
696,Sao Tome and Principe,STP,1986,32
697,Sao Tome and Principe,STP,2014,17.200000762939453
698,Sao Tome and Principe,STP,2019,11.699999809265137
699,Saudi Arabia,SAU,1994,21.399999618530273
700,Saudi Arabia,SAU,2004,9.300000190734863
701,Senegal,SEN,1986,26.5
702,Senegal,SEN,1991,34.400001525878906
703,Senegal,SEN,1993,29.799999237060547
704,Senegal,SEN,1996,28.799999237060547
705,Senegal,SEN,2000,26
706,Senegal,SEN,2005,19.899999618530273
707,Senegal,SEN,2011,26.700000762939453
708,Senegal,SEN,2012,15.5
709,Senegal,SEN,2013,18.799999237060547
710,Senegal,SEN,2014,18.799999237060547
711,Senegal,SEN,2015,20.700000762939453
712,Senegal,SEN,2016,17.100000381469727
713,Senegal,SEN,2017,16.5
714,Senegal,SEN,2018,18.799999237060547
715,Senegal,SEN,2019,17.899999618530273
716,Serbia,SRB,2005,8.100000381469727
717,Serbia,SRB,2010,6.599999904632568
718,Serbia,SRB,2014,6
719,Serbia,SRB,2019,5.400000095367432
720,Seychelles,SYC,1988,7.699999809265137
721,Seychelles,SYC,2012,7.900000095367432
722,Sierra Leone,SLE,1989,41.400001525878906
723,Sierra Leone,SLE,1990,40.900001525878906
724,Sierra Leone,SLE,2000,35.5
725,Sierra Leone,SLE,2005,45
726,Sierra Leone,SLE,2010,32.70000076293945
727,Sierra Leone,SLE,2014,29.100000381469727
728,Sierra Leone,SLE,2017,29.299999237060547
729,Sierra Leone,SLE,2019,29.5
730,Singapore,SGP,2000,4.400000095367432
731,Solomon Islands,SLB,1989,33.70000076293945
732,Solomon Islands,SLB,2007,32.79999923706055
733,Solomon Islands,SLB,2015,31.700000762939453
734,Somalia,SOM,1999,29.200000762939453
735,Somalia,SOM,2006,42
736,Somalia,SOM,2009,25.299999237060547
737,South Africa,ZAF,1994,28.700000762939453
738,South Africa,ZAF,1999,30.100000381469727
739,South Africa,ZAF,2008,24.899999618530273
740,South Africa,ZAF,2015,21.399999618530273
741,South Africa,ZAF,2016,27.399999618530273
742,South Africa,ZAF,2017,21.399999618530273
743,South Korea,KOR,2003,2.5
744,South Korea,KOR,2009,2.5
745,South Sudan,SSD,2006,36.20000076293945
746,South Sudan,SSD,2010,31.299999237060547
747,Sri Lanka,LKA,1987,32.29999923706055
748,Sri Lanka,LKA,1993,28.700000762939453
749,Sri Lanka,LKA,1995,26.100000381469727
750,Sri Lanka,LKA,2000,18.299999237060547
751,Sri Lanka,LKA,2007,18.100000381469727
752,Sri Lanka,LKA,2009,19.200000762939453
753,Sri Lanka,LKA,2012,14.600000381469727
754,Sri Lanka,LKA,2016,17.299999237060547
755,Sudan,SDN,2006,38.29999923706055
756,Sudan,SDN,2010,34.099998474121094
757,Sudan,SDN,2014,38.20000076293945
758,Suriname,SUR,2000,14.100000381469727
759,Suriname,SUR,2006,10.600000381469727
760,Suriname,SUR,2010,8.800000190734863
761,Suriname,SUR,2018,8.300000190734863
762,Syria,SYR,1993,32.79999923706055
763,Syria,SYR,1995,26.5
764,Syria,SYR,2000,24.299999237060547
765,Syria,SYR,2001,31.700000762939453
766,Syria,SYR,2006,28.700000762939453
767,Syria,SYR,2010,27.899999618530273
768,Tajikistan,TJK,1999,41.5
769,Tajikistan,TJK,2000,42.099998474121094
770,Tajikistan,TJK,2001,43.20000076293945
771,Tajikistan,TJK,2002,37.099998474121094
772,Tajikistan,TJK,2003,42.400001525878906
773,Tajikistan,TJK,2005,33.099998474121094
774,Tajikistan,TJK,2007,39.29999923706055
775,Tajikistan,TJK,2009,28.799999237060547
776,Tajikistan,TJK,2012,26.899999618530273
777,Tajikistan,TJK,2016,19.600000381469727
778,Tajikistan,TJK,2017,17.5
779,Tanzania,TZA,1991,49.900001525878906
780,Tanzania,TZA,1996,49.599998474121094
781,Tanzania,TZA,1999,48.29999923706055
782,Tanzania,TZA,2004,44.400001525878906
783,Tanzania,TZA,2009,43.20000076293945
784,Tanzania,TZA,2010,42.099998474121094
785,Tanzania,TZA,2011,35
786,Tanzania,TZA,2013,37.400001525878906
787,Tanzania,TZA,2014,34.70000076293945
788,Tanzania,TZA,2015,34.5
789,Tanzania,TZA,2018,31.799999237060547
790,Thailand,THA,1987,24.600000381469727
791,Thailand,THA,1993,21.100000381469727
792,Thailand,THA,1995,18.100000381469727
793,Thailand,THA,2006,15.699999809265137
794,Thailand,THA,2012,16.399999618530273
795,Thailand,THA,2016,10.5
796,Thailand,THA,2019,13.399999618530273
797,Timor,TLS,2002,55.70000076293945
798,Timor,TLS,2003,54.79999923706055
799,Timor,TLS,2007,57.20000076293945
800,Timor,TLS,2009,57.5
801,Timor,TLS,2013,51.70000076293945
802,Togo,TGO,1988,40.70000076293945
803,Togo,TGO,1996,40.20000076293945
804,Togo,TGO,1998,33.20000076293945
805,Togo,TGO,2006,29.899999618530273
806,Togo,TGO,2008,26.899999618530273
807,Togo,TGO,2009,27
808,Togo,TGO,2010,27
809,Togo,TGO,2012,26.200000762939453
810,Togo,TGO,2014,27.600000381469727
811,Togo,TGO,2017,23.799999237060547
812,Tonga,TON,1986,2.200000047683716
813,Tonga,TON,2012,8.100000381469727
814,Tonga,TON,2019,2.200000047683716
815,Trinidad and Tobago,TTO,1987,6.300000190734863
816,Trinidad and Tobago,TTO,2000,5.300000190734863
817,Trinidad and Tobago,TTO,2011,9.199999809265137
818,Tunisia,TUN,1988,18.5
819,Tunisia,TUN,1997,11.899999618530273
820,Tunisia,TUN,2000,16.799999237060547
821,Tunisia,TUN,2006,9
822,Tunisia,TUN,2012,10.100000381469727
823,Tunisia,TUN,2018,8.399999618530273
824,Turkey,TUR,1993,23.600000381469727
825,Turkey,TUR,1998,18.799999237060547
826,Turkey,TUR,2004,15.199999809265137
827,Turkey,TUR,2008,12.5
828,Turkey,TUR,2013,10
829,Turkey,TUR,2018,6
830,Turkmenistan,TKM,2000,28.100000381469727
831,Turkmenistan,TKM,2006,18.899999618530273
832,Turkmenistan,TKM,2015,11.5
833,Turkmenistan,TKM,2019,7.199999809265137
834,Tuvalu,TUV,2007,10
835,Uganda,UGA,1988,47.70000076293945
836,Uganda,UGA,1995,45.70000076293945
837,Uganda,UGA,2000,44.900001525878906
838,Uganda,UGA,2006,38.400001525878906
839,Uganda,UGA,2009,38.20000076293945
840,Uganda,UGA,2011,33.5
841,Uganda,UGA,2012,33.70000076293945
842,Uganda,UGA,2014,34
843,Uganda,UGA,2016,28.899999618530273
844,Ukraine,UKR,2000,22.899999618530273
845,United States,USA,1991,3.0999999046325684
846,United States,USA,2000,3.200000047683716
847,United States,USA,2002,3.0999999046325684
848,United States,USA,2004,2.9000000953674316
849,United States,USA,2006,3.0999999046325684
850,United States,USA,2008,2.299999952316284
851,United States,USA,2010,2.799999952316284
852,United States,USA,2012,2.200000047683716
853,United States,USA,2014,2.4000000953674316
854,United States,USA,2016,3.5
855,United States,USA,2018,3.4000000953674316
856,Uruguay,URY,1987,21
857,Uruguay,URY,1999,12.800000190734863
858,Uruguay,URY,2002,14.699999809265137
859,Uruguay,URY,2003,15.800000190734863
860,Uruguay,URY,2004,13.899999618530273
861,Uruguay,URY,2007,10.800000190734863
862,Uruguay,URY,2011,10.699999809265137
863,Uruguay,URY,2013,5
864,Uruguay,URY,2016,10.800000190734863
865,Uruguay,URY,2018,6.900000095367432
866,Uzbekistan,UZB,1996,39.5
867,Uzbekistan,UZB,2002,24.899999618530273
868,Uzbekistan,UZB,2006,19.600000381469727
869,Uzbekistan,UZB,2017,10.800000190734863
870,Vanuatu,VUT,1996,25.700000762939453
871,Vanuatu,VUT,2008,25.700000762939453
872,Vanuatu,VUT,2013,28.899999618530273
873,Venezuela,VEN,1987,7
874,Venezuela,VEN,1990,18.600000381469727
875,Venezuela,VEN,1991,18.200000762939453
876,Venezuela,VEN,1992,18.299999237060547
877,Venezuela,VEN,1993,17.399999618530273
878,Venezuela,VEN,1994,17.899999618530273
879,Venezuela,VEN,1995,18.899999618530273
880,Venezuela,VEN,1996,19.299999237060547
881,Venezuela,VEN,1997,19.899999618530273
882,Venezuela,VEN,1998,19.200000762939453
883,Venezuela,VEN,1999,18.299999237060547
884,Venezuela,VEN,2000,17.399999618530273
885,Venezuela,VEN,2001,17.299999237060547
886,Venezuela,VEN,2002,17.600000381469727
887,Venezuela,VEN,2003,17.700000762939453
888,Venezuela,VEN,2004,17.100000381469727
889,Venezuela,VEN,2005,16.200000762939453
890,Venezuela,VEN,2006,16.200000762939453
891,Venezuela,VEN,2007,15.600000381469727
892,Venezuela,VEN,2008,14.600000381469727
893,Venezuela,VEN,2009,13.399999618530273
894,Vietnam,VNM,1988,61.29999923706055
895,Vietnam,VNM,1993,61.5
896,Vietnam,VNM,1994,52.5
897,Vietnam,VNM,1998,42.099998474121094
898,Vietnam,VNM,1999,43.70000076293945
899,Vietnam,VNM,2000,43.20000076293945
900,Vietnam,VNM,2002,37.5
901,Vietnam,VNM,2003,35.400001525878906
902,Vietnam,VNM,2004,33.70000076293945
903,Vietnam,VNM,2005,33.20000076293945
904,Vietnam,VNM,2006,31.799999237060547
905,Vietnam,VNM,2007,32.20000076293945
906,Vietnam,VNM,2008,30.5
907,Vietnam,VNM,2009,29.299999237060547
908,Vietnam,VNM,2010,22.700000762939453
909,Vietnam,VNM,2011,27.5
910,Vietnam,VNM,2012,26.700000762939453
911,Vietnam,VNM,2013,25.899999618530273
912,Vietnam,VNM,2014,24.899999618530273
913,Vietnam,VNM,2015,24.600000381469727
914,Vietnam,VNM,2016,24.299999237060547
915,Vietnam,VNM,2017,23.799999237060547
916,Yemen,YEM,1991,50.400001525878906
917,Yemen,YEM,1996,50.400001525878906
918,Yemen,YEM,1997,55.20000076293945
919,Yemen,YEM,2003,57.29999923706055
920,Yemen,YEM,2005,57
921,Yemen,YEM,2011,46.599998474121094
922,Yemen,YEM,2013,46.400001525878906
923,Zambia,ZMB,1992,46.29999923706055
924,Zambia,ZMB,1995,58.099998474121094
925,Zambia,ZMB,1996,48.599998474121094
926,Zambia,ZMB,1999,59.20000076293945
927,Zambia,ZMB,2002,52.5
928,Zambia,ZMB,2007,45.79999923706055
929,Zambia,ZMB,2013,40
930,Zambia,ZMB,2018,34.599998474121094
931,Zimbabwe,ZWE,1988,31
932,Zimbabwe,ZWE,1994,28.5
933,Zimbabwe,ZWE,1999,33.79999923706055
934,Zimbabwe,ZWE,2005,35.29999923706055
935,Zimbabwe,ZWE,2009,35.099998474121094
936,Zimbabwe,ZWE,2010,32.20000076293945
937,Zimbabwe,ZWE,2014,27.600000381469727
938,Zimbabwe,ZWE,2015,27.100000381469727
939,Zimbabwe,ZWE,2019,23.5