Index,Entity,Code,Year,Prevalence_of_underweight_weight_for_age_percent_of_children_under_5
0,Afghanistan,AFG,1997,44.900001525878906
1,Afghanistan,AFG,2004,32.900001525878906
2,Afghanistan,AFG,2013,24.600000381469727
3,Afghanistan,AFG,2018,19.100000381469727
4,Albania,ALB,1997,7.099999904632568
5,Albania,ALB,2000,17
6,Albania,ALB,2005,6.599999904632568
7,Albania,ALB,2009,6.300000190734863
8,Albania,ALB,2017,1.5
9,Algeria,DZA,1987,8
10,Algeria,DZA,1992,9.199999809265137
11,Algeria,DZA,1995,11.300000190734863
12,Algeria,DZA,2000,5.400000095367432
13,Algeria,DZA,2002,11.100000381469727
14,Algeria,DZA,2006,3.4000000953674316
15,Algeria,DZA,2012,3
16,Algeria,DZA,2019,2.700000047683716
17,Angola,AGO,1996,36.20000076293945
18,Angola,AGO,2007,15.600000381469727
19,Angola,AGO,2015,19
20,Argentina,ARG,1994,1.7000000476837158
21,Argentina,ARG,1996,4.699999809265137
22,Argentina,ARG,2005,2.299999952316284
23,Argentina,ARG,2019,1.7000000476837158
24,Armenia,ARM,1998,2.700000047683716
25,Armenia,ARM,2000,2.5999999046325684
26,Armenia,ARM,2005,4.199999809265137
27,Armenia,ARM,2010,5.300000190734863
28,Armenia,ARM,2016,2.5999999046325684
29,Australia,AUS,1995,0
30,Australia,AUS,2007,0.20000000298023224
31,Azerbaijan,AZE,1996,8.800000190734863
32,Azerbaijan,AZE,2000,14
33,Azerbaijan,AZE,2001,5.900000095367432
34,Azerbaijan,AZE,2006,8.399999618530273
35,Azerbaijan,AZE,2011,6.5
36,Azerbaijan,AZE,2013,4.900000095367432
37,Bahrain,BHR,1989,6.300000190734863
38,Bahrain,BHR,1995,7.599999904632568
39,Bangladesh,BGD,1986,66.80000305175781
40,Bangladesh,BGD,1990,61.5
41,Bangladesh,BGD,1991,61.20000076293945
42,Bangladesh,BGD,1992,60.599998474121094
43,Bangladesh,BGD,1993,56.099998474121094
44,Bangladesh,BGD,1994,58
45,Bangladesh,BGD,1995,55.20000076293945
46,Bangladesh,BGD,1996,54
47,Bangladesh,BGD,1997,53.599998474121094
48,Bangladesh,BGD,1998,50.70000076293945
49,Bangladesh,BGD,1999,49.5
50,Bangladesh,BGD,2000,42.400001525878906
51,Bangladesh,BGD,2001,43.20000076293945
52,Bangladesh,BGD,2002,41
53,Bangladesh,BGD,2003,38.900001525878906
54,Bangladesh,BGD,2004,42.79999923706055
55,Bangladesh,BGD,2005,37.29999923706055
56,Bangladesh,BGD,2006,37.900001525878906
57,Bangladesh,BGD,2007,41.29999923706055
58,Bangladesh,BGD,2011,36.70000076293945
59,Bangladesh,BGD,2013,35.099998474121094
60,Bangladesh,BGD,2014,32.79999923706055
61,Bangladesh,BGD,2018,21.899999618530273
62,Bangladesh,BGD,2019,22.600000381469727
63,Barbados,BRB,2012,3.5
64,Belarus,BLR,2005,1.2999999523162842
65,Belgium,BEL,2014,1
66,Belize,BLZ,1992,5.400000095367432
67,Belize,BLZ,2006,5
68,Belize,BLZ,2011,6.199999809265137
69,Belize,BLZ,2015,4.599999904632568
70,Benin,BEN,1996,26.200000762939453
71,Benin,BEN,2001,19.5
72,Benin,BEN,2008,17.799999237060547
73,Benin,BEN,2014,18
74,Benin,BEN,2018,16.799999237060547
75,Bhutan,BTN,1987,34
76,Bhutan,BTN,1999,14.100000381469727
77,Bhutan,BTN,2008,10.399999618530273
78,Bhutan,BTN,2010,12.699999809265137
79,Bolivia,BOL,1988,9.800000190734863
80,Bolivia,BOL,1989,7.800000190734863
81,Bolivia,BOL,1990,9.699999809265137
82,Bolivia,BOL,1991,10.199999809265137
83,Bolivia,BOL,1992,10.5
84,Bolivia,BOL,1994,11
85,Bolivia,BOL,1998,5.900000095367432
86,Bolivia,BOL,2003,5.800000190734863
87,Bolivia,BOL,2008,4.5
88,Bolivia,BOL,2012,3.5999999046325684
89,Bolivia,BOL,2016,3.4000000953674316
90,Bosnia and Herzegovina,BIH,2000,4.199999809265137
91,Bosnia and Herzegovina,BIH,2006,1.600000023841858
92,Bosnia and Herzegovina,BIH,2012,1.600000023841858
93,Botswana,BWA,1996,15.100000381469727
94,Botswana,BWA,2000,11.100000381469727
95,Botswana,BWA,2007,11.800000190734863
96,Brazil,BRA,1989,5.599999904632568
97,Brazil,BRA,1996,4.5
98,Brazil,BRA,2007,2.200000047683716
99,Brunei,BRN,2009,9.600000381469727
100,Bulgaria,BGR,2004,1.600000023841858
101,Bulgaria,BGR,2007,3.700000047683716
102,Bulgaria,BGR,2014,1.899999976158142
103,Burkina Faso,BFA,1993,28.700000762939453
104,Burkina Faso,BFA,1999,30.899999618530273
105,Burkina Faso,BFA,2009,26
106,Burkina Faso,BFA,2010,26.200000762939453
107,Burkina Faso,BFA,2011,25.100000381469727
108,Burkina Faso,BFA,2012,24.299999237060547
109,Burkina Faso,BFA,2013,20.899999618530273
110,Burkina Faso,BFA,2014,20
111,Burkina Faso,BFA,2015,22.799999237060547
112,Burkina Faso,BFA,2016,18.899999618530273
113,Burkina Faso,BFA,2017,16.200000762939453
114,Burkina Faso,BFA,2018,17.700000762939453
115,Burkina Faso,BFA,2019,16.399999618530273
116,Burundi,BDI,1987,33.599998474121094
117,Burundi,BDI,2000,39.099998474121094
118,Burundi,BDI,2005,35.20000076293945
119,Burundi,BDI,2010,29.100000381469727
120,Burundi,BDI,2016,29.299999237060547
121,Burundi,BDI,2018,29.600000381469727
122,Burundi,BDI,2019,27
123,Cambodia,KHM,1996,42.599998474121094
124,Cambodia,KHM,2000,39.70000076293945
125,Cambodia,KHM,2005,28.299999237060547
126,Cambodia,KHM,2008,28.299999237060547
127,Cambodia,KHM,2010,28.899999618530273
128,Cambodia,KHM,2014,24.100000381469727
129,Cameroon,CMR,1991,12.899999618530273
130,Cameroon,CMR,1998,17.299999237060547
131,Cameroon,CMR,2004,15.100000381469727
132,Cameroon,CMR,2006,16.5
133,Cameroon,CMR,2011,15.199999809265137
134,Cameroon,CMR,2014,14.800000190734863
135,Cameroon,CMR,2018,11
136,Cape Verde,CPV,1985,13.699999809265137
137,Cape Verde,CPV,1994,11.800000190734863
138,Central African Republic,CAF,1994,24
139,Central African Republic,CAF,2000,21.299999237060547
140,Central African Republic,CAF,2006,26.100000381469727
141,Central African Republic,CAF,2010,23.5
142,Central African Republic,CAF,2012,24.5
143,Central African Republic,CAF,2014,20
144,Central African Republic,CAF,2018,19.700000762939453
145,Central African Republic,CAF,2019,20.5
146,Chad,TCD,1997,34.29999923706055
147,Chad,TCD,2000,29.200000762939453
148,Chad,TCD,2004,33.79999923706055
149,Chad,TCD,2010,30.299999237060547
150,Chad,TCD,2015,29.399999618530273
151,Chad,TCD,2017,24.299999237060547
152,Chad,TCD,2018,24.700000762939453
153,Chad,TCD,2019,29.200000762939453
154,Chile,CHL,1986,2.200000047683716
155,Chile,CHL,1994,0.800000012
156,Chile,CHL,1995,0.800000012
157,Chile,CHL,1996,0.699999988
158,Chile,CHL,1998,0.699999988
159,Chile,CHL,1999,0.699999988
160,Chile,CHL,2001,0.699999988
161,Chile,CHL,2002,0.699999988
162,Chile,CHL,2003,0.6000000238418579
163,Chile,CHL,2004,0.6000000238418579
164,Chile,CHL,2006,0.6000000238418579
165,Chile,CHL,2007,0.6000000238418579
166,Chile,CHL,2008,0.5
167,Chile,CHL,2013,0.5
168,Chile,CHL,2014,0.5
169,China,CHN,1987,18.700000762939453
170,China,CHN,1990,12.600000381469727
171,China,CHN,1992,14.199999809265137
172,China,CHN,1995,10.699999809265137
173,China,CHN,1998,6.900000095367432
174,China,CHN,2000,7.400000095367432
175,China,CHN,2002,6.800000190734863
176,China,CHN,2005,4.5
177,China,CHN,2008,3.799999952316284
178,China,CHN,2009,3.4000000953674316
179,China,CHN,2010,3.4000000953674316
180,China,CHN,2013,2.4000000953674316
181,Colombia,COL,1986,8.899999618530273
182,Colombia,COL,1989,8.800000190734863
183,Colombia,COL,1995,6.300000190734863
184,Colombia,COL,2000,4.900000095367432
185,Colombia,COL,2005,5
186,Colombia,COL,2010,3.4000000953674316
187,Colombia,COL,2016,3.700000047683716
188,Comoros,COM,1992,15.199999809265137
189,Comoros,COM,1996,21.100000381469727
190,Comoros,COM,2000,25.100000381469727
191,Comoros,COM,2012,16.899999618530273
192,Congo,COG,1987,16.399999618530273
193,Congo,COG,2005,11.899999618530273
194,Congo,COG,2011,11.800000190734863
195,Congo,COG,2014,12.300000190734863
196,Costa Rica,CRI,1989,2.4000000953674316
197,Costa Rica,CRI,1990,2.5
198,Costa Rica,CRI,1991,2.200000047683716
199,Costa Rica,CRI,1992,2
200,Costa Rica,CRI,1993,2
201,Costa Rica,CRI,1994,1.899999976158142
202,Costa Rica,CRI,1996,3.799999952316284
203,Costa Rica,CRI,2008,1.100000023841858
204,Costa Rica,CRI,2018,2.9000000953674316
205,Cote d'Ivoire,CIV,1986,11.699999809265137
206,Cote d'Ivoire,CIV,1994,20.299999237060547
207,Cote d'Ivoire,CIV,1998,18.200000762939453
208,Cote d'Ivoire,CIV,2007,29.399999618530273
209,Cote d'Ivoire,CIV,2012,15.699999809265137
210,Cote d'Ivoire,CIV,2016,12.800000190734863
211,Cuba,CUB,2000,3.4000000953674316
212,Cuba,CUB,2019,2.4000000953674316
213,Czechia,CZE,1991,0.8999999761581421
214,Czechia,CZE,2001,2.0999999046325684
215,Democratic Republic of Congo,COD,1995,30.700000762939453
216,Democratic Republic of Congo,COD,2001,30.299999237060547
217,Democratic Republic of Congo,COD,2007,25.600000381469727
218,Democratic Republic of Congo,COD,2010,24.200000762939453
219,Democratic Republic of Congo,COD,2013,23.399999618530273
220,Democratic Republic of Congo,COD,2017,23.100000381469727
221,Djibouti,DJI,1989,20.200000762939453
222,Djibouti,DJI,1996,16
223,Djibouti,DJI,2002,24.399999618530273
224,Djibouti,DJI,2012,29.899999618530273
225,Dominican Republic,DOM,1986,8.699999809265137
226,Dominican Republic,DOM,1991,8.399999618530273
227,Dominican Republic,DOM,1996,4.699999809265137
228,Dominican Republic,DOM,2000,3.299999952316284
229,Dominican Republic,DOM,2002,4.199999809265137
230,Dominican Republic,DOM,2006,3.9000000953674316
231,Dominican Republic,DOM,2007,3.4000000953674316
232,Dominican Republic,DOM,2013,4
233,East Asia and Pacific,,2000,11.669676780700684
234,East Asia and Pacific,,2001,11.039840698242188
235,East Asia and Pacific,,2002,10.564881324768066
236,East Asia and Pacific,,2003,10.211190223693848
237,East Asia and Pacific,,2004,9.889671325683594
238,East Asia and Pacific,,2005,9.529016494750977
239,East Asia and Pacific,,2006,9.172981262207031
240,East Asia and Pacific,,2007,8.797929763793945
241,East Asia and Pacific,,2008,8.407797813415527
242,East Asia and Pacific,,2009,8.032174110412598
243,East Asia and Pacific,,2010,7.688885212
244,East Asia and Pacific,,2011,7.357483863830566
245,East Asia and Pacific,,2012,7.0587687492370605
246,East Asia and Pacific,,2013,6.786774158477783
247,East Asia and Pacific,,2014,6.5287885665893555
248,East Asia and Pacific,,2015,6.2771735191345215
249,East Asia and Pacific,,2016,6.047201633453369
250,East Asia and Pacific,,2017,5.8164777755737305
251,East Asia and Pacific,,2018,5.587475299835205
252,East Asia and Pacific,,2019,5.370944023132324
253,East Asia and Pacific,,2020,5.175821304321289
254,Ecuador,ECU,1986,14.5
255,Ecuador,ECU,1999,10.399999618530273
256,Ecuador,ECU,2004,6.699999809265137
257,Ecuador,ECU,2006,6.800000190734863
258,Ecuador,ECU,2012,6.400000095367432
259,Ecuador,ECU,2014,5.099999904632568
260,Ecuador,ECU,2019,5.199999809265137
261,Egypt,EGY,1988,9.399999618530273
262,Egypt,EGY,1991,10.5
263,Egypt,EGY,1992,8.199999809265137
264,Egypt,EGY,1995,10.800000190734863
265,Egypt,EGY,1998,9.399999618530273
266,Egypt,EGY,2003,8.699999809265137
267,Egypt,EGY,2005,5.400000095367432
268,Egypt,EGY,2008,6.800000190734863
269,Egypt,EGY,2014,7
270,El Salvador,SLV,1988,11.100000381469727
271,El Salvador,SLV,1993,8
272,El Salvador,SLV,1998,9.699999809265137
273,El Salvador,SLV,2003,6.099999904632568
274,El Salvador,SLV,2008,6.699999809265137
275,El Salvador,SLV,2014,5
276,Equatorial Guinea,GNQ,1997,13.800000190734863
277,Equatorial Guinea,GNQ,2000,15.699999809265137
278,Equatorial Guinea,GNQ,2004,10.600000381469727
279,Equatorial Guinea,GNQ,2011,5.599999904632568
280,Eritrea,ERI,1993,36.900001525878906
281,Eritrea,ERI,1995,39.599998474121094
282,Eritrea,ERI,2002,34.29999923706055
283,Eritrea,ERI,2010,39.400001525878906
284,Estonia,EST,2014,0.4000000059604645
285,Eswatini,SWZ,2000,9.100000381469727
286,Eswatini,SWZ,2006,6
287,Eswatini,SWZ,2008,7.300000190734863
288,Eswatini,SWZ,2010,5.900000095367432
289,Eswatini,SWZ,2014,5.800000190734863
290,Ethiopia,ETH,1992,41.900001525878906
291,Ethiopia,ETH,2000,41.79999923706055
292,Ethiopia,ETH,2005,34.29999923706055
293,Ethiopia,ETH,2011,29.200000762939453
294,Ethiopia,ETH,2014,26.5
295,Ethiopia,ETH,2016,23.5
296,Ethiopia,ETH,2019,21.100000381469727
297,Fiji,FJI,1993,6.900000095367432
298,Fiji,FJI,2004,5.300000190734863
299,Gabon,GAB,2000,9
300,Gabon,GAB,2012,6.400000095367432
301,Gambia,GMB,1996,23.200000762939453
302,Gambia,GMB,2000,15.399999618530273
303,Gambia,GMB,2006,15.800000190734863
304,Gambia,GMB,2010,17.399999618530273
305,Gambia,GMB,2012,17.899999618530273
306,Gambia,GMB,2013,16.5
307,Gambia,GMB,2018,10.300000190734863
308,Gambia,GMB,2020,11.600000381469727
309,Georgia,GEO,1999,2.700000047683716
310,Georgia,GEO,2005,2.4000000953674316
311,Georgia,GEO,2009,1.100000023841858
312,Georgia,GEO,2018,2.0999999046325684
313,Germany,DEU,2004,1.100000023841858
314,Germany,DEU,2016,0.5
315,Ghana,GHA,1988,24.799999237060547
316,Ghana,GHA,1993,25.799999237060547
317,Ghana,GHA,1997,22.200000762939453
318,Ghana,GHA,1998,20.100000381469727
319,Ghana,GHA,2003,19
320,Ghana,GHA,2006,13.899999618530273
321,Ghana,GHA,2008,14.399999618530273
322,Ghana,GHA,2011,13.399999618530273
323,Ghana,GHA,2014,11.199999809265137
324,Ghana,GHA,2017,12.600000381469727
325,Greece,GRC,2003,0.20000000298023224
326,Guatemala,GTM,1987,27.899999618530273
327,Guatemala,GTM,1995,21.700000762939453
328,Guatemala,GTM,1999,20.299999237060547
329,Guatemala,GTM,2000,18.799999237060547
330,Guatemala,GTM,2002,18.200000762939453
331,Guatemala,GTM,2009,14.100000381469727
332,Guatemala,GTM,2015,12.399999618530273
333,Guinea,GIN,1994,21.200000762939453
334,Guinea,GIN,1999,20
335,Guinea,GIN,2005,22.700000762939453
336,Guinea,GIN,2007,16.399999618530273
337,Guinea,GIN,2012,18.799999237060547
338,Guinea,GIN,2016,18.299999237060547
339,Guinea,GIN,2018,16.299999237060547
340,Guinea-Bissau,GNB,2000,19.799999237060547
341,Guinea-Bissau,GNB,2010,18
342,Guinea-Bissau,GNB,2012,17
343,Guinea-Bissau,GNB,2014,17
344,Guinea-Bissau,GNB,2019,18.799999237060547
345,Guyana,GUY,1993,13.199999809265137
346,Guyana,GUY,1997,10.300000190734863
347,Guyana,GUY,2000,11.899999618530273
348,Guyana,GUY,2006,10.800000190734863
349,Guyana,GUY,2009,11
350,Guyana,GUY,2014,8.199999809265137
351,Haiti,HTI,1990,23.700000762939453
352,Haiti,HTI,1994,23.799999237060547
353,Haiti,HTI,2000,13.899999618530273
354,Haiti,HTI,2006,18.899999618530273
355,Haiti,HTI,2012,11.600000381469727
356,Haiti,HTI,2017,9.5
357,High income,,2000,1.3032156229019165
358,High income,,2001,1.2791162729263306
359,High income,,2002,1.255456805229187
360,High income,,2003,1.2322295904159546
361,High income,,2004,1.2094268798828125
362,High income,,2005,1.187040925
363,High income,,2006,1.1650645732879639
364,High income,,2007,1.1434903144836426
365,High income,,2008,1.122310996055603
366,High income,,2009,1.1015195846557617
367,High income,,2010,1.0811091661453247
368,High income,,2011,1.0610729455947876
369,High income,,2012,1.0414040088653564
370,High income,,2013,1.022096037864685
371,High income,,2014,1.0031423568725586
372,High income,,2015,0.9845365881919861
373,High income,,2016,0.9662725925445557
374,High income,,2017,0.9483442306518555
375,High income,,2018,0.9307453036308289
376,High income,,2019,0.9134699702262878
377,High income,,2020,0.8965123891830444
378,Honduras,HND,1987,18.100000381469727
379,Honduras,HND,1991,15
380,Honduras,HND,1994,16.100000381469727
381,Honduras,HND,1996,17.899999618530273
382,Honduras,HND,2001,12.800000190734863
383,Honduras,HND,2006,8.699999809265137
384,Honduras,HND,2012,7.099999904632568
385,India,IND,1989,55.5
386,India,IND,1991,52.79999923706055
387,India,IND,1992,51.20000076293945
388,India,IND,1997,38.400001525878906
389,India,IND,1999,46.29999923706055
390,India,IND,2006,43.5
391,India,IND,2014,29.399999618530273
392,India,IND,2015,36.29999923706055
393,India,IND,2017,33.400001525878906
394,Indonesia,IDN,1987,35.900001525878906
395,Indonesia,IDN,1989,31
396,Indonesia,IDN,1992,29.799999237060547
397,Indonesia,IDN,1996,30.299999237060547
398,Indonesia,IDN,1998,25.799999237060547
399,Indonesia,IDN,1999,22.799999237060547
400,Indonesia,IDN,2000,24.799999237060547
401,Indonesia,IDN,2001,23.399999618530273
402,Indonesia,IDN,2002,23
403,Indonesia,IDN,2003,23.100000381469727
404,Indonesia,IDN,2004,19.700000762939453
405,Indonesia,IDN,2005,24.399999618530273
406,Indonesia,IDN,2007,19.600000381469727
407,Indonesia,IDN,2010,18.600000381469727
408,Indonesia,IDN,2013,19.899999618530273
409,Indonesia,IDN,2018,17.700000762939453
410,Iran,IRN,1995,13.800000190734863
411,Iran,IRN,1998,9.5
412,Iran,IRN,2004,4.599999904632568
413,Iran,IRN,2010,4.099999904632568
414,Iraq,IRQ,1991,10.399999618530273
415,Iraq,IRQ,2000,12.800000190734863
416,Iraq,IRQ,2003,10.100000381469727
417,Iraq,IRQ,2004,8
418,Iraq,IRQ,2006,7.099999904632568
419,Iraq,IRQ,2011,7.199999809265137
420,Iraq,IRQ,2018,3.9000000953674316
421,Jamaica,JAM,1989,5.800000190734863
422,Jamaica,JAM,1991,5.599999904632568
423,Jamaica,JAM,1992,5.699999809265137
424,Jamaica,JAM,1994,4.599999904632568
425,Jamaica,JAM,1995,4.800000190734863
426,Jamaica,JAM,1996,5.599999904632568
427,Jamaica,JAM,1997,3.5
428,Jamaica,JAM,1998,3.799999952316284
429,Jamaica,JAM,1999,2.0999999046325684
430,Jamaica,JAM,2000,3.9000000953674316
431,Jamaica,JAM,2001,4
432,Jamaica,JAM,2002,2.700000047683716
433,Jamaica,JAM,2004,3.0999999046325684
434,Jamaica,JAM,2006,4.800000190734863
435,Jamaica,JAM,2007,1.7999999523162842
436,Jamaica,JAM,2008,2.4000000953674316
437,Jamaica,JAM,2010,3.4000000953674316
438,Jamaica,JAM,2012,2.700000047683716
439,Jamaica,JAM,2014,2.200000047683716
440,Jamaica,JAM,2016,4.400000095367432
441,Japan,JPN,2010,3.4000000953674316
442,Jordan,JOR,1990,5.099999904632568
443,Jordan,JOR,1997,3.799999952316284
444,Jordan,JOR,2002,3.700000047683716
445,Jordan,JOR,2009,1.899999976158142
446,Jordan,JOR,2012,3
447,Kazakhstan,KAZ,1995,4.400000095367432
448,Kazakhstan,KAZ,1999,3.799999952316284
449,Kazakhstan,KAZ,2006,4.900000095367432
450,Kazakhstan,KAZ,2010,3.700000047683716
451,Kazakhstan,KAZ,2015,2
452,Kenya,KEN,1993,19.399999618530273
453,Kenya,KEN,1994,17.899999618530273
454,Kenya,KEN,1998,17.5
455,Kenya,KEN,2000,17.100000381469727
456,Kenya,KEN,2003,16.399999618530273
457,Kenya,KEN,2005,18
458,Kenya,KEN,2008,16.5
459,Kenya,KEN,2011,12.699999809265137
460,Kenya,KEN,2014,11.199999809265137
461,Kiribati,KIR,1985,11.300000190734863
462,Kiribati,KIR,2009,15.100000381469727
463,Kiribati,KIR,2018,6.900000095367432
464,Kuwait,KWT,1996,1.5
465,Kuwait,KWT,2001,2.200000047683716
466,Kuwait,KWT,2002,2.0999999046325684
467,Kuwait,KWT,2003,2.299999952316284
468,Kuwait,KWT,2004,2.799999952316284
469,Kuwait,KWT,2005,2.700000047683716
470,Kuwait,KWT,2006,2.700000047683716
471,Kuwait,KWT,2007,2.9000000953674316
472,Kuwait,KWT,2008,2.299999952316284
473,Kuwait,KWT,2009,1.7000000476837158
474,Kuwait,KWT,2010,1.7000000476837158
475,Kuwait,KWT,2011,2.0999999046325684
476,Kuwait,KWT,2012,2.200000047683716
477,Kuwait,KWT,2013,3.0999999046325684
478,Kuwait,KWT,2014,3
479,Kyrgyzstan,KGZ,1997,10.399999618530273
480,Kyrgyzstan,KGZ,2006,2.700000047683716
481,Kyrgyzstan,KGZ,2009,4.699999809265137
482,Kyrgyzstan,KGZ,2012,3.799999952316284
483,Kyrgyzstan,KGZ,2014,2.799999952316284
484,Kyrgyzstan,KGZ,2018,1.7999999523162842
485,Laos,LAO,1993,39.79999923706055
486,Laos,LAO,1994,35.900001525878906
487,Laos,LAO,2000,35.599998474121094
488,Laos,LAO,2006,31.600000381469727
489,Laos,LAO,2011,26.600000381469727
490,Laos,LAO,2015,25.5
491,Laos,LAO,2017,21.100000381469727
492,Latin America and Caribbean,,2000,5.291683197021484
493,Latin America and Caribbean,,2001,5.119225502
494,Latin America and Caribbean,,2002,4.954301834106445
495,Latin America and Caribbean,,2003,4.795706272125244
496,Latin America and Caribbean,,2004,4.642369270324707
497,Latin America and Caribbean,,2005,4.493721961975098
498,Latin America and Caribbean,,2006,4.350776672363281
499,Latin America and Caribbean,,2007,4.2104878425598145
500,Latin America and Caribbean,,2008,4.073437213897705
501,Latin America and Caribbean,,2009,3.9404726028442383
502,Latin America and Caribbean,,2010,3.8120458126068115
503,Latin America and Caribbean,,2011,3.6872105598449707
504,Latin America and Caribbean,,2012,3.5666682720184326
505,Latin America and Caribbean,,2013,3.450098752975464
506,Latin America and Caribbean,,2014,3.3369221687316895
507,Latin America and Caribbean,,2015,3.226825714111328
508,Latin America and Caribbean,,2016,3.1204276084899902
509,Latin America and Caribbean,,2017,3.0165414810180664
510,Latin America and Caribbean,,2018,2.9154484272003174
511,Latin America and Caribbean,,2019,2.8176355361938477
512,Latin America and Caribbean,,2020,2.7233359813690186
513,Lebanon,LBN,1996,3.5
514,Lebanon,LBN,2004,4.199999809265137
515,Lesotho,LSO,1992,13.800000190734863
516,Lesotho,LSO,1993,18.899999618530273
517,Lesotho,LSO,2004,16.600000381469727
518,Lesotho,LSO,2009,13.399999618530273
519,Lesotho,LSO,2014,10.5
520,Lesotho,LSO,2018,10.5
521,Liberia,LBR,2000,22.799999237060547
522,Liberia,LBR,2007,20.399999618530273
523,Liberia,LBR,2010,16.600000381469727
524,Liberia,LBR,2013,15.300000190734863
525,Liberia,LBR,2016,13.600000381469727
526,Liberia,LBR,2019,10.899999618530273
527,Libya,LBY,1995,4.199999809265137
528,Libya,LBY,2007,5.599999904632568
529,Libya,LBY,2014,11.699999809265137
530,Low and middle income,,2000,22.524324417114258
531,Low and middle income,,2001,21.90905762
532,Low and middle income,,2002,21.408496856689453
533,Low and middle income,,2003,20.99207305908203
534,Low and middle income,,2004,20.586666107177734
535,Low and middle income,,2005,20.142730712890625
536,Low and middle income,,2006,19.70233917236328
537,Low and middle income,,2007,19.23980712890625
538,Low and middle income,,2008,18.756431579589844
539,Low and middle income,,2009,18.270790100097656
540,Low and middle income,,2010,17.79640007019043
541,Low and middle income,,2011,17.337629318237305
542,Low and middle income,,2012,16.870479583740234
543,Low and middle income,,2013,16.40810203552246
544,Low and middle income,,2014,15.963631629943848
545,Low and middle income,,2015,15.546844482421875
546,Low and middle income,,2016,15.134832382202148
547,Low and middle income,,2017,14.761918067932129
548,Low and middle income,,2018,14.420994758605957
549,Low and middle income,,2019,14.097908973693848
550,Low and middle income,,2020,13.782318115234375
551,Low income,,2000,28.64889144897461
552,Low income,,2001,28.094289779663086
553,Low income,,2002,27.546279907226562
554,Low income,,2003,27.00494384765625
555,Low income,,2004,26.470359802246094
556,Low income,,2005,25.942598342895508
557,Low income,,2006,25.421720504760742
558,Low income,,2007,24.90778350830078
559,Low income,,2008,24.400836944580078
560,Low income,,2009,23.900924682617188
561,Low income,,2010,23.408082962036133
562,Low income,,2011,22.92234230041504
563,Low income,,2012,22.443729400634766
564,Low income,,2013,21.972259521484375
565,Low income,,2014,21.507946014404297
566,Low income,,2015,21.050798416137695
567,Low income,,2016,20.60081672668457
568,Low income,,2017,20.15799903869629
569,Low income,,2018,19.722333908081055
570,Low income,,2019,19.29380989074707
571,Low income,,2020,18.872407913208008
572,Lower middle income,,2000,31.66676902770996
573,Lower middle income,,2001,30.966766357421875
574,Lower middle income,,2002,30.275381088256836
575,Lower middle income,,2003,29.592815399169922
576,Lower middle income,,2004,28.91925621032715
577,Lower middle income,,2005,28.254873275756836
578,Lower middle income,,2006,27.599828720092773
579,Lower middle income,,2007,26.954265594482422
580,Lower middle income,,2008,26.31831169128418
581,Lower middle income,,2009,25.692087173461914
582,Lower middle income,,2010,25.07568932
583,Lower middle income,,2011,24.46921157836914
584,Lower middle income,,2012,23.87272834777832
585,Lower middle income,,2013,23.28630256652832
586,Lower middle income,,2014,22.709985733032227
587,Lower middle income,,2015,22.143814086914062
588,Lower middle income,,2016,21.587814331054688
589,Lower middle income,,2017,21.042003631591797
590,Lower middle income,,2018,20.50638198852539
591,Lower middle income,,2019,19.980945587158203
592,Lower middle income,,2020,19.465675354003906
593,Madagascar,MDG,1992,35.20000076293945
594,Madagascar,MDG,1993,40.900001525878906
595,Madagascar,MDG,1995,30.399999618530273
596,Madagascar,MDG,1997,38
597,Madagascar,MDG,2004,36.70000076293945
598,Madagascar,MDG,2012,32.599998474121094
599,Madagascar,MDG,2018,26.399999618530273
600,Malawi,MWI,1992,24.399999618530273
601,Malawi,MWI,1995,26.5
602,Malawi,MWI,1998,24.5
603,Malawi,MWI,2000,21.5
604,Malawi,MWI,2002,21.700000762939453
605,Malawi,MWI,2004,18.600000381469727
606,Malawi,MWI,2006,15.600000381469727
607,Malawi,MWI,2009,12.100000381469727
608,Malawi,MWI,2010,13.899999618530273
609,Malawi,MWI,2014,16.700000762939453
610,Malawi,MWI,2015,11.800000190734863
611,Malawi,MWI,2016,15
612,Malawi,MWI,2017,12.600000381469727
613,Malawi,MWI,2018,11.800000190734863
614,Malawi,MWI,2019,9
615,Malaysia,MYS,1990,22.100000381469727
616,Malaysia,MYS,1991,23.100000381469727
617,Malaysia,MYS,1992,22.600000381469727
618,Malaysia,MYS,1993,20.5
619,Malaysia,MYS,1994,19.700000762939453
620,Malaysia,MYS,1995,17.700000762939453
621,Malaysia,MYS,1999,16.700000762939453
622,Malaysia,MYS,2006,12.699999809265137
623,Malaysia,MYS,2015,12.399999618530273
624,Malaysia,MYS,2016,13.699999809265137
625,Malaysia,MYS,2019,14.100000381469727
626,Maldives,MDV,1994,32.5
627,Maldives,MDV,1995,39
628,Maldives,MDV,1997,36.70000076293945
629,Maldives,MDV,2001,25.700000762939453
630,Maldives,MDV,2009,17.700000762939453
631,Maldives,MDV,2017,14.800000190734863
632,Mali,MLI,1987,28.600000381469727
633,Mali,MLI,1996,37.70000076293945
634,Mali,MLI,2001,30
635,Mali,MLI,2006,27.899999618530273
636,Mali,MLI,2010,18.899999618530273
637,Mali,MLI,2011,20
638,Mali,MLI,2014,24.100000381469727
639,Mali,MLI,2015,25
640,Mali,MLI,2016,20.200000762939453
641,Mali,MLI,2017,17.100000381469727
642,Mali,MLI,2018,18.600000381469727
643,Mali,MLI,2019,18.100000381469727
644,Marshall Islands,MHL,2017,11.899999618530273
645,Mauritania,MRT,1996,20.299999237060547
646,Mauritania,MRT,2000,29.700000762939453
647,Mauritania,MRT,2007,25.5
648,Mauritania,MRT,2008,16.5
649,Mauritania,MRT,2011,24.399999618530273
650,Mauritania,MRT,2012,20.399999618530273
651,Mauritania,MRT,2015,24.899999618530273
652,Mauritania,MRT,2018,19.200000762939453
653,Mauritius,MUS,1985,21.100000381469727
654,Mauritius,MUS,1995,13
655,Mexico,MEX,1988,10.899999618530273
656,Mexico,MEX,1989,9.600000381469727
657,Mexico,MEX,1996,10.300000190734863
658,Mexico,MEX,1998,5.599999904632568
659,Mexico,MEX,2006,3.4000000953674316
660,Mexico,MEX,2012,2.799999952316284
661,Mexico,MEX,2015,3.9000000953674316
662,Mexico,MEX,2016,4.199999809265137
663,Mexico,MEX,2019,4.699999809265137
664,Middle East and North Africa,,2000,8.705559730529785
665,Middle East and North Africa,,2001,8.446833610534668
666,Middle East and North Africa,,2002,8.195107460021973
667,Middle East and North Africa,,2003,7.950231075286865
668,Middle East and North Africa,,2004,7.712057113647461
669,Middle East and North Africa,,2005,7.480438709259033
670,Middle East and North Africa,,2006,7.255229473114014
671,Middle East and North Africa,,2007,7.036284923553467
672,Middle East and North Africa,,2008,6.823461532592773
673,Middle East and North Africa,,2009,6.616617202758789
674,Middle East and North Africa,,2010,6.415611267089844
675,Middle East and North Africa,,2011,6.220304966
676,Middle East and North Africa,,2012,6.030561447143555
677,Middle East and North Africa,,2013,5.846244812011719
678,Middle East and North Africa,,2014,5.667221546173096
679,Middle East and North Africa,,2015,5.493360519
680,Middle East and North Africa,,2016,5.324532508850098
681,Middle East and North Africa,,2017,5.160609722137451
682,Middle East and North Africa,,2018,5.001466751098633
683,Middle East and North Africa,,2019,4.846980571746826
684,Middle East and North Africa,,2020,4.697030544281006
685,Middle income,,2000,21.612621307373047
686,Middle income,,2001,20.97369956970215
687,Middle income,,2002,20.459775924682617
688,Middle income,,2003,20.03763198852539
689,Middle income,,2004,19.62792205810547
690,Middle income,,2005,19.176166534423828
691,Middle income,,2006,18.72846221923828
692,Middle income,,2007,18.256711959838867
693,Middle income,,2008,17.762048721313477
694,Middle income,,2009,17.264822006225586
695,Middle income,,2010,16.780149459838867
696,Middle income,,2011,16.313207626342773
697,Middle income,,2012,15.836109161376953
698,Middle income,,2013,15.363728523254395
699,Middle income,,2014,14.91060733795166
700,Middle income,,2015,14.487338066101074
701,Middle income,,2016,14.067201614379883
702,Middle income,,2017,13.691691398620605
703,Middle income,,2018,13.35217571258545
704,Middle income,,2019,13.031818389892578
705,Middle income,,2020,12.718246459960938
706,Moldova,MDA,2005,3.200000047683716
707,Moldova,MDA,2012,2.200000047683716
708,Mongolia,MNG,1992,11.800000190734863
709,Mongolia,MNG,1999,10.800000190734863
710,Mongolia,MNG,2000,11.600000381469727
711,Mongolia,MNG,2004,4.800000190734863
712,Mongolia,MNG,2005,5.300000190734863
713,Mongolia,MNG,2010,3.299999952316284
714,Mongolia,MNG,2013,1.600000023841858
715,Mongolia,MNG,2016,0.800000012
716,Mongolia,MNG,2018,1.7999999523162842
717,Montenegro,MNE,2005,2.200000047683716
718,Montenegro,MNE,2013,1
719,Montenegro,MNE,2018,3.700000047683716
720,Morocco,MAR,1987,10.399999618530273
721,Morocco,MAR,1992,8.100000381469727
722,Morocco,MAR,1997,7.699999809265137
723,Morocco,MAR,2003,9.800000190734863
724,Morocco,MAR,2011,2.9000000953674316
725,Morocco,MAR,2017,2.5999999046325684
726,Mozambique,MOZ,1995,23.899999618530273
727,Mozambique,MOZ,1997,26.299999237060547
728,Mozambique,MOZ,2001,24.5
729,Mozambique,MOZ,2003,21.200000762939453
730,Mozambique,MOZ,2008,18.200000762939453
731,Mozambique,MOZ,2011,15.600000381469727
732,Mozambique,MOZ,2015,15.600000381469727
733,Myanmar,MMR,1990,32.5
734,Myanmar,MMR,1991,37
735,Myanmar,MMR,1994,31.200000762939453
736,Myanmar,MMR,1995,38.70000076293945
737,Myanmar,MMR,1997,28.100000381469727
738,Myanmar,MMR,2000,30
739,Myanmar,MMR,2003,29.200000762939453
740,Myanmar,MMR,2009,22.600000381469727
741,Myanmar,MMR,2016,18.5
742,Myanmar,MMR,2018,19.100000381469727
743,Namibia,NAM,1992,21.399999618530273
744,Namibia,NAM,2000,20.200000762939453
745,Namibia,NAM,2007,17.399999618530273
746,Namibia,NAM,2013,13.199999809265137
747,Nauru,NRU,2007,4.800000190734863
748,Nepal,NPL,1995,42.599998474121094
749,Nepal,NPL,1996,47.099998474121094
750,Nepal,NPL,1998,38.20000076293945
751,Nepal,NPL,2001,42.79999923706055
752,Nepal,NPL,2006,38.599998474121094
753,Nepal,NPL,2011,28.899999618530273
754,Nepal,NPL,2014,29.700000762939453
755,Nepal,NPL,2016,27.299999237060547
756,Nepal,NPL,2019,24.399999618530273
757,Netherlands,NLD,1996,1.100000023841858
758,Netherlands,NLD,2009,1
759,Nicaragua,NIC,1993,9.600000381469727
760,Nicaragua,NIC,1998,10.300000190734863
761,Nicaragua,NIC,2001,7.699999809265137
762,Nicaragua,NIC,2004,4.300000190734863
763,Nicaragua,NIC,2007,5.699999809265137
764,Nicaragua,NIC,2012,4.599999904632568
765,Niger,NER,1985,45
766,Niger,NER,1992,38.70000076293945
767,Niger,NER,1998,46.900001525878906
768,Niger,NER,2000,43.099998474121094
769,Niger,NER,2006,35.599998474121094
770,Niger,NER,2007,37.900001525878906
771,Niger,NER,2008,34.599998474121094
772,Niger,NER,2009,33.5
773,Niger,NER,2010,40
774,Niger,NER,2011,38.400001525878906
775,Niger,NER,2012,32.099998474121094
776,Niger,NER,2013,33.099998474121094
777,Niger,NER,2014,34.599998474121094
778,Niger,NER,2015,35.79999923706055
779,Niger,NER,2016,32
780,Niger,NER,2018,37.5
781,Niger,NER,2019,31.299999237060547
782,Nigeria,NGA,1990,33.099998474121094
783,Nigeria,NGA,1993,35.099998474121094
784,Nigeria,NGA,2003,26.700000762939453
785,Nigeria,NGA,2011,24.200000762939453
786,Nigeria,NGA,2014,20.600000381469727
787,Nigeria,NGA,2015,19.5
788,Nigeria,NGA,2016,31.5
789,Nigeria,NGA,2018,21.799999237060547
790,Nigeria,NGA,2020,18.399999618530273
791,North America,,2000,0.8904879093170166
792,North America,,2001,0.8779405355453491
793,North America,,2002,0.8655683994293213
794,North America,,2003,0.8533691167831421
795,North America,,2004,0.8413403034210205
796,North America,,2005,0.8294796943664551
797,North America,,2006,0.817784846
798,North America,,2007,0.8062535524368286
799,North America,,2008,0.7948835492134094
800,North America,,2009,0.7836726307868958
801,North America,,2010,0.7726185917854309
802,North America,,2011,0.761719286
803,North America,,2012,0.750972569
804,North America,,2013,0.740376353
805,North America,,2014,0.7299284934997559
806,North America,,2015,0.7196270823478699
807,North America,,2016,0.7094699740409851
808,North America,,2017,0.699455202
809,North America,,2018,0.6895808577537537
810,North America,,2019,0.6798449158668518
811,North America,,2020,0.6702455282211304
812,North Korea,PRK,1998,55.5
813,North Korea,PRK,2000,24.700000762939453
814,North Korea,PRK,2002,17.799999237060547
815,North Korea,PRK,2004,20.600000381469727
816,North Korea,PRK,2009,18.799999237060547
817,North Korea,PRK,2012,15.199999809265137
818,North Korea,PRK,2017,9.300000190734863
819,North Macedonia,MKD,1999,1.899999976158142
820,North Macedonia,MKD,2005,1.7999999523162842
821,North Macedonia,MKD,2011,1.2999999523162842
822,North Macedonia,MKD,2019,0.8999999761581421
823,Oman,OMN,1991,18.600000381469727
824,Oman,OMN,1994,10.399999618530273
825,Oman,OMN,1999,13
826,Oman,OMN,2009,8.600000381469727
827,Oman,OMN,2014,9.699999809265137
828,Oman,OMN,2017,11.199999809265137
829,Pakistan,PAK,1986,44.400001525878906
830,Pakistan,PAK,1991,38.400001525878906
831,Pakistan,PAK,1992,35.29999923706055
832,Pakistan,PAK,1995,34.20000076293945
833,Pakistan,PAK,2001,31.200000762939453
834,Pakistan,PAK,2011,31.399999618530273
835,Pakistan,PAK,2013,31.799999237060547
836,Pakistan,PAK,2018,23.100000381469727
837,Palestine,PSE,1996,2.5
838,Palestine,PSE,2000,2.200000047683716
839,Palestine,PSE,2004,3.299999952316284
840,Palestine,PSE,2006,2.5999999046325684
841,Palestine,PSE,2010,3.700000047683716
842,Palestine,PSE,2014,1.399999976158142
843,Palestine,PSE,2020,2.0999999046325684
844,Panama,PAN,1997,5
845,Panama,PAN,2003,5.300000190734863
846,Panama,PAN,2008,3.9000000953674316
847,Panama,PAN,2019,3
848,Papua New Guinea,PNG,1983,22.799999237060547
849,Papua New Guinea,PNG,2005,18.100000381469727
850,Papua New Guinea,PNG,2010,27.799999237060547
851,Paraguay,PRY,1990,2.799999952316284
852,Paraguay,PRY,2005,3.4000000953674316
853,Paraguay,PRY,2012,2.5999999046325684
854,Paraguay,PRY,2016,1.2999999523162842
855,Peru,PER,1991,8.800000190734863
856,Peru,PER,1996,5.699999809265137
857,Peru,PER,2000,5.199999809265137
858,Peru,PER,2005,5.400000095367432
859,Peru,PER,2007,4.300000190734863
860,Peru,PER,2009,4.300000190734863
861,Peru,PER,2010,4.300000190734863
862,Peru,PER,2011,4.199999809265137
863,Peru,PER,2012,3.4000000953674316
864,Peru,PER,2013,3.5999999046325684
865,Peru,PER,2014,3.200000047683716
866,Peru,PER,2015,3.4000000953674316
867,Peru,PER,2016,3.200000047683716
868,Peru,PER,2017,3.200000047683716
869,Peru,PER,2018,2.5999999046325684
870,Peru,PER,2019,2.4000000953674316
871,Philippines,PHL,1987,29.299999237060547
872,Philippines,PHL,1990,29.899999618530273
873,Philippines,PHL,1992,29.799999237060547
874,Philippines,PHL,1993,26.299999237060547
875,Philippines,PHL,1998,28.299999237060547
876,Philippines,PHL,2003,20.700000762939453
877,Philippines,PHL,2008,20.600000381469727
878,Philippines,PHL,2011,20.200000762939453
879,Philippines,PHL,2013,19.899999618530273
880,Philippines,PHL,2015,21.399999618530273
881,Philippines,PHL,2018,19.100000381469727
882,Poland,POL,2011,0.699999988
883,Portugal,PRT,2016,0.4000000059604645
884,Qatar,QAT,1995,4.800000190734863
885,Romania,ROU,1991,5
886,Romania,ROU,1999,3.4000000953674316
887,Romania,ROU,2000,3.700000047683716
888,Romania,ROU,2001,3.799999952316284
889,Romania,ROU,2002,3.5
890,Rwanda,RWA,1992,24.200000762939453
891,Rwanda,RWA,1996,22.600000381469727
892,Rwanda,RWA,2000,20.299999237060547
893,Rwanda,RWA,2005,17.899999618530273
894,Rwanda,RWA,2009,14.300000190734863
895,Rwanda,RWA,2010,11.699999809265137
896,Rwanda,RWA,2012,12
897,Rwanda,RWA,2015,8.899999618530273
898,Rwanda,RWA,2018,12.600000381469727
899,Rwanda,RWA,2020,7.699999809265137
900,Saint Lucia,LCA,2012,2.799999952316284
901,Samoa,WSM,1999,1.7000000476837158
902,Samoa,WSM,2014,3.200000047683716
903,Samoa,WSM,2019,3.4000000953674316
904,Sao Tome and Principe,STP,1986,14.5
905,Sao Tome and Principe,STP,2014,8.800000190734863
906,Sao Tome and Principe,STP,2019,5.400000095367432
907,Saudi Arabia,SAU,1994,13.5
908,Saudi Arabia,SAU,2004,5.300000190734863
909,Senegal,SEN,1986,17
910,Senegal,SEN,1991,20.399999618530273
911,Senegal,SEN,1993,19
912,Senegal,SEN,1996,19.600000381469727
913,Senegal,SEN,2000,17.799999237060547
914,Senegal,SEN,2005,14.5
915,Senegal,SEN,2011,18.399999618530273
916,Senegal,SEN,2012,14.399999618530273
917,Senegal,SEN,2013,16.700000762939453
918,Senegal,SEN,2014,12.800000190734863
919,Senegal,SEN,2015,16.100000381469727
920,Senegal,SEN,2016,13.800000190734863
921,Senegal,SEN,2017,14.399999618530273
922,Senegal,SEN,2018,15.100000381469727
923,Senegal,SEN,2019,14.399999618530273
924,Serbia,SRB,2005,1.7999999523162842
925,Serbia,SRB,2010,1.600000023841858
926,Serbia,SRB,2014,1.7999999523162842
927,Serbia,SRB,2019,1
928,Seychelles,SYC,1988,5
929,Seychelles,SYC,2012,3.5999999046325684
930,Sierra Leone,SLE,1989,23.700000762939453
931,Sierra Leone,SLE,1990,25.399999618530273
932,Sierra Leone,SLE,2000,23.399999618530273
933,Sierra Leone,SLE,2005,27.200000762939453
934,Sierra Leone,SLE,2010,18.5
935,Sierra Leone,SLE,2014,13
936,Sierra Leone,SLE,2017,13.600000381469727
937,Sierra Leone,SLE,2019,13.5
938,Singapore,SGP,2000,3.299999952316284
939,Solomon Islands,SLB,1989,16.299999237060547
940,Solomon Islands,SLB,2007,11.800000190734863
941,Solomon Islands,SLB,2015,16.200000762939453
942,Somalia,SOM,1999,22.799999237060547
943,Somalia,SOM,2006,32.79999923706055
944,Somalia,SOM,2009,22.5
945,South Africa,ZAF,1994,8
946,South Africa,ZAF,1999,9.800000190734863
947,South Africa,ZAF,2008,8.800000190734863
948,South Africa,ZAF,2015,5.099999904632568
949,South Africa,ZAF,2016,5.900000095367432
950,South Africa,ZAF,2017,5.5
951,South Asia,,2000,42.87318420410156
952,South Asia,,2001,42.03219223022461
953,South Asia,,2002,41.19580078
954,South Asia,,2003,40.36445999145508
955,South Asia,,2004,39.53861999511719
956,South Asia,,2005,38.71870422363281
957,South Asia,,2006,37.90513229370117
958,South Asia,,2007,37.098304748535156
959,South Asia,,2008,36.298614501953125
960,South Asia,,2009,35.506431579589844
961,South Asia,,2010,34.722110748291016
962,South Asia,,2011,33.94599914550781
963,South Asia,,2012,33.17841720581055
964,South Asia,,2013,32.419673919677734
965,South Asia,,2014,31.67005729675293
966,South Asia,,2015,30.929840087890625
967,South Asia,,2016,30.199277877807617
968,South Asia,,2017,29.478607177734375
969,South Asia,,2018,28.76804542541504
970,South Asia,,2019,28.06779670715332
971,South Asia,,2020,27.37803840637207
972,South Korea,KOR,2003,0.8999999761581421
973,South Korea,KOR,2009,0.699999988
974,South Sudan,SSD,2006,32.5
975,South Sudan,SSD,2010,27.700000762939453
976,Sri Lanka,LKA,1987,32.79999923706055
977,Sri Lanka,LKA,1993,30.299999237060547
978,Sri Lanka,LKA,1995,29.299999237060547
979,Sri Lanka,LKA,2000,22.899999618530273
980,Sri Lanka,LKA,2007,22.100000381469727
981,Sri Lanka,LKA,2009,21.600000381469727
982,Sri Lanka,LKA,2012,26.100000381469727
983,Sri Lanka,LKA,2016,20.5
984,Sub-Saharan Africa,,2000,24.840829849243164
985,Sub-Saharan Africa,,2001,24.38883399963379
986,Sub-Saharan Africa,,2002,23.942441940307617
987,Sub-Saharan Africa,,2003,23.501680374145508
988,Sub-Saharan Africa,,2004,23.066574096679688
989,Sub-Saharan Africa,,2005,22.637136459350586
990,Sub-Saharan Africa,,2006,22.21338653564453
991,Sub-Saharan Africa,,2007,21.79533576965332
992,Sub-Saharan Africa,,2008,21.38298797607422
993,Sub-Saharan Africa,,2009,20.976348876953125
994,Sub-Saharan Africa,,2010,20.575420379638672
995,Sub-Saharan Africa,,2011,20.18019676208496
996,Sub-Saharan Africa,,2012,19.790674209594727
997,Sub-Saharan Africa,,2013,19.406841278076172
998,Sub-Saharan Africa,,2014,19.02868652
999,Sub-Saharan Africa,,2015,18.65619468688965
1000,Sub-Saharan Africa,,2016,18.289348602294922
1001,Sub-Saharan Africa,,2017,17.928125381469727
1002,Sub-Saharan Africa,,2018,17.57250213623047
1003,Sub-Saharan Africa,,2019,17.222454071044922
1004,Sub-Saharan Africa,,2020,16.877948760986328
1005,Sudan,SDN,2006,27
1006,Sudan,SDN,2010,29.799999237060547
1007,Sudan,SDN,2014,33
1008,Suriname,SUR,2000,11.100000381469727
1009,Suriname,SUR,2006,7.5
1010,Suriname,SUR,2010,5.800000190734863
1011,Suriname,SUR,2018,6.699999809265137
1012,Syria,SYR,1993,11.5
1013,Syria,SYR,1995,11.300000190734863
1014,Syria,SYR,2000,6
1015,Syria,SYR,2001,11.5
1016,Syria,SYR,2006,10
1017,Syria,SYR,2010,10.399999618530273
1018,Tajikistan,TJK,2005,14.899999618530273
1019,Tajikistan,TJK,2007,15.100000381469727
1020,Tajikistan,TJK,2009,8.300000190734863
1021,Tajikistan,TJK,2012,13.300000190734863
1022,Tajikistan,TJK,2016,6.400000095367432
1023,Tajikistan,TJK,2017,7.599999904632568
1024,Tanzania,TZA,1991,24.799999237060547
1025,Tanzania,TZA,1996,26.799999237060547
1026,Tanzania,TZA,1999,25.299999237060547
1027,Tanzania,TZA,2004,16.700000762939453
1028,Tanzania,TZA,2009,16.399999618530273
1029,Tanzania,TZA,2010,16.100000381469727
1030,Tanzania,TZA,2011,14.100000381469727
1031,Tanzania,TZA,2013,13.100000381469727
1032,Tanzania,TZA,2014,13.399999618530273
1033,Tanzania,TZA,2015,13.699999809265137
1034,Tanzania,TZA,2018,14.600000381469727
1035,Thailand,THA,1987,20.200000762939453
1036,Thailand,THA,1993,16.299999237060547
1037,Thailand,THA,1995,15.399999618530273
1038,Thailand,THA,2006,7
1039,Thailand,THA,2012,9.199999809265137
1040,Thailand,THA,2016,6.699999809265137
1041,Thailand,THA,2019,7.699999809265137
1042,Timor,TLS,2002,40.599998474121094
1043,Timor,TLS,2003,41.5
1044,Timor,TLS,2007,49.5
1045,Timor,TLS,2009,44.900001525878906
1046,Timor,TLS,2013,37.5
1047,Togo,TGO,1988,21.700000762939453
1048,Togo,TGO,1996,16.700000762939453
1049,Togo,TGO,1998,23.799999237060547
1050,Togo,TGO,2008,20.5
1051,Togo,TGO,2009,16.600000381469727
1052,Togo,TGO,2010,15.100000381469727
1053,Togo,TGO,2012,16.5
1054,Togo,TGO,2014,16.100000381469727
1055,Togo,TGO,2017,15.199999809265137
1056,Tonga,TON,2012,1.7999999523162842
1057,Tonga,TON,2019,0.800000012
1058,Trinidad and Tobago,TTO,1987,6.199999809265137
1059,Trinidad and Tobago,TTO,2000,4.300000190734863
1060,Trinidad and Tobago,TTO,2011,4.900000095367432
1061,Tunisia,TUN,1988,7.900000095367432
1062,Tunisia,TUN,1997,3.299999952316284
1063,Tunisia,TUN,2000,3.5
1064,Tunisia,TUN,2006,3.299999952316284
1065,Tunisia,TUN,2012,2.299999952316284
1066,Tunisia,TUN,2018,1.600000023841858
1067,Turkey,TUR,1993,8.699999809265137
1068,Turkey,TUR,1995,9
1069,Turkey,TUR,1998,7
1070,Turkey,TUR,2004,3.5
1071,Turkey,TUR,2008,1.899999976158142
1072,Turkey,TUR,2013,2.299999952316284
1073,Turkey,TUR,2018,1.5
1074,Turkmenistan,TKM,2000,10.5
1075,Turkmenistan,TKM,2006,9.199999809265137
1076,Turkmenistan,TKM,2015,3.200000047683716
1077,Turkmenistan,TKM,2019,3.0999999046325684
1078,Tuvalu,TUV,2007,1.600000023841858
1079,Uganda,UGA,1988,19.700000762939453
1080,Uganda,UGA,1995,20.799999237060547
1081,Uganda,UGA,2000,19.200000762939453
1082,Uganda,UGA,2006,16.299999237060547
1083,Uganda,UGA,2009,15.699999809265137
1084,Uganda,UGA,2011,14.100000381469727
1085,Uganda,UGA,2012,11.899999618530273
1086,Uganda,UGA,2014,11.699999809265137
1087,Uganda,UGA,2016,10.399999618530273
1088,Ukraine,UKR,2000,4.099999904632568
1089,United States,USA,1991,0.800000012
1090,United States,USA,2000,1.100000023841858
1091,United States,USA,2002,0.800000012
1092,United States,USA,2004,1.2999999523162842
1093,United States,USA,2006,0.699999988
1094,United States,USA,2008,0.699999988
1095,United States,USA,2010,1
1096,United States,USA,2012,0.5
1097,United States,USA,2014,0.699999988
1098,United States,USA,2016,1.399999976158142
1099,United States,USA,2018,0.4000000059604645
1100,Upper middle income,,2000,7.735575199127197
1101,Upper middle income,,2001,7.315683841705322
1102,Upper middle income,,2002,6.916875839233398
1103,Upper middle income,,2003,6.538274765014648
1104,Upper middle income,,2004,6.179020881652832
1105,Upper middle income,,2005,5.838274002075195
1106,Upper middle income,,2006,5.5152130126953125
1107,Upper middle income,,2007,5.209040165
1108,Upper middle income,,2008,4.918978691101074
1109,Upper middle income,,2009,4.644278049468994
1110,Upper middle income,,2010,4.384210586547852
1111,Upper middle income,,2011,4.1380743980407715
1112,Upper middle income,,2012,3.9051923751831055
1113,Upper middle income,,2013,3.6849124431610107
1114,Upper middle income,,2014,3.4766085147857666
1115,Upper middle income,,2015,3.2796785831451416
1116,Upper middle income,,2016,3.093546152114868
1117,Upper middle income,,2017,2.917658805847168
1118,Upper middle income,,2018,2.7514877319335938
1119,Upper middle income,,2019,2.5945277214050293
1120,Upper middle income,,2020,2.446296215057373
1121,Uruguay,URY,1987,6.5
1122,Uruguay,URY,1999,4.699999809265137
1123,Uruguay,URY,2002,5.400000095367432
1124,Uruguay,URY,2003,5.099999904632568
1125,Uruguay,URY,2004,6
1126,Uruguay,URY,2007,4.199999809265137
1127,Uruguay,URY,2011,4
1128,Uruguay,URY,2013,1.2000000476837158
1129,Uruguay,URY,2016,3.200000047683716
1130,Uruguay,URY,2018,1.7999999523162842
1131,Uzbekistan,UZB,1996,13.300000190734863
1132,Uzbekistan,UZB,2002,7.400000095367432
1133,Uzbekistan,UZB,2006,4.400000095367432
1134,Uzbekistan,UZB,2017,2.9000000953674316
1135,Vanuatu,VUT,1996,10.600000381469727
1136,Vanuatu,VUT,2008,11.5
1137,Vanuatu,VUT,2013,11.699999809265137
1138,Venezuela,VEN,1987,3.9000000953674316
1139,Venezuela,VEN,1990,6.699999809265137
1140,Venezuela,VEN,1991,5.400000095367432
1141,Venezuela,VEN,1992,4.5
1142,Venezuela,VEN,1993,4
1143,Venezuela,VEN,1994,3.9000000953674316
1144,Venezuela,VEN,1995,4.099999904632568
1145,Venezuela,VEN,1996,4.400000095367432
1146,Venezuela,VEN,1997,4.5
1147,Venezuela,VEN,1998,4.599999904632568
1148,Venezuela,VEN,1999,4.099999904632568
1149,Venezuela,VEN,2000,3.9000000953674316
1150,Venezuela,VEN,2001,4
1151,Venezuela,VEN,2002,4.199999809265137
1152,Venezuela,VEN,2003,4.599999904632568
1153,Venezuela,VEN,2004,4.5
1154,Venezuela,VEN,2005,4.099999904632568
1155,Venezuela,VEN,2006,3.9000000953674316
1156,Venezuela,VEN,2007,3.700000047683716
1157,Venezuela,VEN,2008,3.200000047683716
1158,Venezuela,VEN,2009,2.9000000953674316
1159,Vietnam,VNM,1988,40.70000076293945
1160,Vietnam,VNM,1993,36.599998474121094
1161,Vietnam,VNM,1994,40.599998474121094
1162,Vietnam,VNM,1998,35.79999923706055
1163,Vietnam,VNM,1999,31.100000381469727
1164,Vietnam,VNM,2000,26.700000762939453
1165,Vietnam,VNM,2002,23.399999618530273
1166,Vietnam,VNM,2003,24.600000381469727
1167,Vietnam,VNM,2004,23.799999237060547
1168,Vietnam,VNM,2005,22.700000762939453
1169,Vietnam,VNM,2006,22.100000381469727
1170,Vietnam,VNM,2007,22.600000381469727
1171,Vietnam,VNM,2008,20.200000762939453
1172,Vietnam,VNM,2009,17.5
1173,Vietnam,VNM,2010,11.699999809265137
1174,Vietnam,VNM,2011,16.799999237060547
1175,Vietnam,VNM,2012,16.200000762939453
1176,Vietnam,VNM,2013,15.300000190734863
1177,Vietnam,VNM,2014,14.5
1178,Vietnam,VNM,2015,14.100000381469727
1179,Vietnam,VNM,2016,13.800000190734863
1180,Vietnam,VNM,2017,13.399999618530273
1181,World,OWID_WRL,2000,20.484285354614258
1182,World,OWID_WRL,2001,19.992881774902344
1183,World,OWID_WRL,2002,19.57118797302246
1184,World,OWID_WRL,2003,19.20275115966797
1185,World,OWID_WRL,2004,18.833635330200195
1186,World,OWID_WRL,2005,18.425701141357422
1187,World,OWID_WRL,2006,18.011287689208984
1188,World,OWID_WRL,2007,17.573076248168945
1189,World,OWID_WRL,2008,17.115339279174805
1190,World,OWID_WRL,2009,16.655920028686523
1191,World,OWID_WRL,2010,16.205081939697266
1192,World,OWID_WRL,2011,15.750083923339844
1193,World,OWID_WRL,2012,15.304834365844727
1194,World,OWID_WRL,2013,14.875663757324219
1195,World,OWID_WRL,2014,14.471151351928711
1196,World,OWID_WRL,2015,14.097232818603516
1197,World,OWID_WRL,2016,13.732595443725586
1198,World,OWID_WRL,2017,13.416058540344238
1199,World,OWID_WRL,2018,13.13318157196045
1200,World,OWID_WRL,2019,12.86429214477539
1201,World,OWID_WRL,2020,12.597687721252441
1202,Yemen,YEM,1991,29.899999618530273
1203,Yemen,YEM,1996,34.20000076293945
1204,Yemen,YEM,1997,43
1205,Yemen,YEM,2003,45.29999923706055
1206,Yemen,YEM,2005,36.70000076293945
1207,Yemen,YEM,2011,35.5
1208,Yemen,YEM,2013,39.900001525878906
1209,Zambia,ZMB,1992,21.200000762939453
1210,Zambia,ZMB,1996,19.600000381469727
1211,Zambia,ZMB,1999,19.600000381469727
1212,Zambia,ZMB,2002,23.200000762939453
1213,Zambia,ZMB,2007,14.899999618530273
1214,Zambia,ZMB,2013,14.899999618530273
1215,Zambia,ZMB,2018,11.800000190734863
1216,Zimbabwe,ZWE,1987,10.5
1217,Zimbabwe,ZWE,1988,8
1218,Zimbabwe,ZWE,1994,11.800000190734863
1219,Zimbabwe,ZWE,1999,11.5
1220,Zimbabwe,ZWE,2005,14
1221,Zimbabwe,ZWE,2009,11.699999809265137
1222,Zimbabwe,ZWE,2010,10.199999809265137
1223,Zimbabwe,ZWE,2014,11.199999809265137
1224,Zimbabwe,ZWE,2015,8.5
1225,Zimbabwe,ZWE,2019,9.699999809265137